{
    "foreground_intensity_properties_per_channel": {
        "0": {
            "max": 267.0,
            "mean": 105.27149200439453,
            "median": 105.0,
            "min": 27.0,
            "percentile_00_5": 61.0,
            "percentile_99_5": 158.0,
            "std": 18.445335388183594
        },
        "1": {
            "max": 622.0,
            "mean": 308.62164306640625,
            "median": 313.0,
            "min": 14.0,
            "percentile_00_5": 129.0,
            "percentile_99_5": 481.0,
            "std": 61.370479583740234
        },
        "2": {
            "max": 292.2086181640625,
            "mean": 94.79603576660156,
            "median": 90.01033782958984,
            "min": 3.5035572052001953,
            "percentile_00_5": 24.245834350585938,
            "percentile_99_5": 184.52996826171875,
            "std": 30.297283172607422
        },
        "3": {
            "max": 607.82421875,
            "mean": 256.9958801269531,
            "median": 256.0714111328125,
            "min": 21.118223190307617,
            "percentile_00_5": 48.9947395324707,
            "percentile_99_5": 449.9946594238281,
            "std": 68.48628234863281
        },
        "4": {
            "max": 782.535400390625,
            "mean": 81.82330322265625,
            "median": 33.67308044433594,
            "min": 8.940948486328125,
            "percentile_00_5": 10.96875,
            "percentile_99_5": 506.26910400390625,
            "std": 113.0
        },
        "5": {
            "max": 4095.0,
            "mean": 1518.48828125,
            "median": 1545.581787109375,
            "min": 0.0,
            "percentile_00_5": 4.1741180419921875,
            "percentile_99_5": 3541.29931640625,
            "std": 716.7125854492188
        }
    },
    "median_relative_size_after_cropping": 0.916358418367347,
    "shapes_after_crop": [
        [
            29,
            515,
            559
        ],
        [
            29,
            515,
            558
        ],
        [
            29,
            524,
            560
        ],
        [
            29,
            511,
            560
        ],
        [
            29,
            512,
            560
        ]
    ],
    "spacings": [
        [
            4.400000095367432,
            0.4296875,
            0.4296875
        ],
        [
            4.40000057220459,
            0.4296875,
            0.4296875
        ],
        [
            4.400000095367432,
            0.4296875,
            0.4296875
        ],
        [
            4.400000095367432,
            0.4296875,
            0.4296875
        ],
        [
            4.400000095367432,
            0.4296875,
            0.4296875
        ]
    ]
}