{
    "foreground_mean": {
        "ASSD": 15.8818726724192,
        "Dice": 0.6757085699767853,
        "FN": 5738.6875,
        "FP": 4316.3125,
        "HD95": 22.866721792734584,
        "IoU": 0.539037991129002,
        "TN": 9070586.0625,
        "TP": 13758.9375,
        "n_pred": 18075.25,
        "n_ref": 19497.625
    },
    "mean": {
        "1": {
            "ASSD": 15.8818726724192,
            "Dice": 0.6757085699767853,
            "FN": 5738.6875,
            "FP": 4316.3125,
            "HD95": 22.866721792734584,
            "IoU": 0.539037991129002,
            "TN": 9070586.0625,
            "TP": 13758.9375,
            "n_pred": 18075.25,
            "n_ref": 19497.625
        }
    },
    "metric_per_case": [
        {
            "metrics": {
                "1": {
                    "ASSD": 0.1753539508310682,
                    "Dice": 0.8787601957585645,
                    "FN": 2261,
                    "FP": 1455,
                    "HD95": 1.0,
                    "IoU": 0.7837397427690159,
                    "TN": 9077217,
                    "TP": 13467,
                    "n_pred": 14922,
                    "n_ref": 15728
                }
            },
            "prediction_file": "/home/rth/jdekok/my-scratch/nnunetv2/nnUNet/predictions_combos/545_post/000.nii.gz",
            "reference_file": "/scratch/rth/jdekok/nnunetv2/nnUNet/nnUNet_raw/Dataset545_STIRGen/labelsTr/000.nii.gz"
        },
        {
            "metrics": {
                "1": {
                    "ASSD": 1.7514439081950102,
                    "Dice": 0.6218559451219512,
                    "FN": 7320,
                    "FP": 618,
                    "HD95": 10.246950765959598,
                    "IoU": 0.45122709989630144,
                    "TN": 9079935,
                    "TP": 6527,
                    "n_pred": 7145,
                    "n_ref": 13847
                }
            },
            "prediction_file": "/home/rth/jdekok/my-scratch/nnunetv2/nnUNet/predictions_combos/545_post/001.nii.gz",
            "reference_file": "/scratch/rth/jdekok/nnunetv2/nnUNet/nnUNet_raw/Dataset545_STIRGen/labelsTr/001.nii.gz"
        },
        {
            "metrics": {
                "1": {
                    "ASSD": 0.29467856008317234,
                    "Dice": 0.8166986786383728,
                    "FN": 4072,
                    "FP": 3849,
                    "HD95": 2.0,
                    "IoU": 0.6901865686236164,
                    "TN": 9068833,
                    "TP": 17646,
                    "n_pred": 21495,
                    "n_ref": 21718
                }
            },
            "prediction_file": "/home/rth/jdekok/my-scratch/nnunetv2/nnUNet/predictions_combos/545_post/002.nii.gz",
            "reference_file": "/scratch/rth/jdekok/nnunetv2/nnUNet/nnUNet_raw/Dataset545_STIRGen/labelsTr/002.nii.gz"
        },
        {
            "metrics": {
                "1": {
                    "ASSD": 0.20891240161463517,
                    "Dice": 0.8555254553946754,
                    "FN": 4778,
                    "FP": 2955,
                    "HD95": 1.0,
                    "IoU": 0.7475268536354436,
                    "TN": 9063771,
                    "TP": 22896,
                    "n_pred": 25851,
                    "n_ref": 27674
                }
            },
            "prediction_file": "/home/rth/jdekok/my-scratch/nnunetv2/nnUNet/predictions_combos/545_post/003.nii.gz",
            "reference_file": "/scratch/rth/jdekok/nnunetv2/nnUNet/nnUNet_raw/Dataset545_STIRGen/labelsTr/003.nii.gz"
        },
        {
            "metrics": {
                "1": {
                    "ASSD": 0.5010780819222183,
                    "Dice": 0.6969745042492917,
                    "FN": 4020,
                    "FP": 9351,
                    "HD95": 2.23606797749979,
                    "IoU": 0.5348893836092946,
                    "TN": 9065652,
                    "TP": 15377,
                    "n_pred": 24728,
                    "n_ref": 19397
                }
            },
            "prediction_file": "/home/rth/jdekok/my-scratch/nnunetv2/nnUNet/predictions_combos/545_post/004.nii.gz",
            "reference_file": "/scratch/rth/jdekok/nnunetv2/nnUNet/nnUNet_raw/Dataset545_STIRGen/labelsTr/004.nii.gz"
        },
        {
            "metrics": {
                "1": {
                    "ASSD": 0.20741919278034768,
                    "Dice": 0.8303479749001711,
                    "FN": 2907,
                    "FP": 3041,
                    "HD95": 1.0,
                    "IoU": 0.7099102614124073,
                    "TN": 9073896,
                    "TP": 14556,
                    "n_pred": 17597,
                    "n_ref": 17463
                }
            },
            "prediction_file": "/home/rth/jdekok/my-scratch/nnunetv2/nnUNet/predictions_combos/545_post/005.nii.gz",
            "reference_file": "/scratch/rth/jdekok/nnunetv2/nnUNet/nnUNet_raw/Dataset545_STIRGen/labelsTr/005.nii.gz"
        },
        {
            "metrics": {
                "1": {
                    "ASSD": 0.5344688204984067,
                    "Dice": 0.7804948702474351,
                    "FN": 27111,
                    "FP": 9261,
                    "HD95": 2.449489742783178,
                    "IoU": 0.640009501563799,
                    "TN": 8993364,
                    "TP": 64664,
                    "n_pred": 73925,
                    "n_ref": 91775
                }
            },
            "prediction_file": "/home/rth/jdekok/my-scratch/nnunetv2/nnUNet/predictions_combos/545_post/006.nii.gz",
            "reference_file": "/scratch/rth/jdekok/nnunetv2/nnUNet/nnUNet_raw/Dataset545_STIRGen/labelsTr/006.nii.gz"
        },
        {
            "metrics": {
                "1": {
                    "ASSD": 1.157104781949686,
                    "Dice": 0.5696789756912228,
                    "FN": 1805,
                    "FP": 514,
                    "HD95": 5.385164807134504,
                    "IoU": 0.398287493513233,
                    "TN": 9090546,
                    "TP": 1535,
                    "n_pred": 2049,
                    "n_ref": 3340
                }
            },
            "prediction_file": "/home/rth/jdekok/my-scratch/nnunetv2/nnUNet/predictions_combos/545_post/007.nii.gz",
            "reference_file": "/scratch/rth/jdekok/nnunetv2/nnUNet/nnUNet_raw/Dataset545_STIRGen/labelsTr/007.nii.gz"
        },
        {
            "metrics": {
                "1": {
                    "ASSD": 2.6841089563229596,
                    "Dice": 0.574890798929125,
                    "FN": 2671,
                    "FP": 346,
                    "HD95": 20.09975124224178,
                    "IoU": 0.403401226023334,
                    "TN": 9089343,
                    "TP": 2040,
                    "n_pred": 2386,
                    "n_ref": 4711
                }
            },
            "prediction_file": "/home/rth/jdekok/my-scratch/nnunetv2/nnUNet/predictions_combos/545_post/008.nii.gz",
            "reference_file": "/scratch/rth/jdekok/nnunetv2/nnUNet/nnUNet_raw/Dataset545_STIRGen/labelsTr/008.nii.gz"
        },
        {
            "metrics": {
                "1": {
                    "ASSD": 2.096507119139116,
                    "Dice": 0.5686941191285733,
                    "FN": 5866,
                    "FP": 984,
                    "HD95": 11.045361017187261,
                    "IoU": 0.3973253563258842,
                    "TN": 9083034,
                    "TP": 4516,
                    "n_pred": 5500,
                    "n_ref": 10382
                }
            },
            "prediction_file": "/home/rth/jdekok/my-scratch/nnunetv2/nnUNet/predictions_combos/545_post/009.nii.gz",