{
    "foreground_mean": {
        "ASSD": 0.8845147962858454,
        "Dice": 0.7456955935264908,
        "FN": 4798.25,
        "FP": 3179.6875,
        "HD95": 5.422356011572624,
        "IoU": 0.6048018943546511,
        "TN": 9071722.6875,
        "TP": 14699.375,
        "n_pred": 17879.0625,
        "n_ref": 19497.625
    },
    "mean": {
        "1": {
            "ASSD": 0.8845147962858454,
            "Dice": 0.7456955935264908,
            "FN": 4798.25,
            "FP": 3179.6875,
            "HD95": 5.422356011572624,
            "IoU": 0.6048018943546511,
            "TN": 9071722.6875,
            "TP": 14699.375,
            "n_pred": 17879.0625,
            "n_ref": 19497.625
        }
    },
    "metric_per_case": [
        {
            "metrics": {
                "1": {
                    "ASSD": 0.14039534807872478,
                    "Dice": 0.8916424653113908,
                    "FN": 1912,
                    "FP": 1446,
                    "HD95": 1.0,
                    "IoU": 0.8044718760917666,
                    "TN": 9077226,
                    "TP": 13816,
                    "n_pred": 15262,
                    "n_ref": 15728
                }
            },
            "prediction_file": "/home/rth/jdekok/my-scratch/nnunetv2/nnUNet/predictions_combos/546_post/000.nii.gz",
            "reference_file": "/scratch/rth/jdekok/nnunetv2/nnUNet/nnUNet_raw/Dataset546_DWIGen/labelsTr/000.nii.gz"
        },
        {
            "metrics": {
                "1": {
                    "ASSD": 1.5341118809941612,
                    "Dice": 0.6564324125568782,
                    "FN": 6706,
                    "FP": 769,
                    "HD95": 9.444551501746348,
                    "IoU": 0.4885741652983032,
                    "TN": 9079784,
                    "TP": 7141,
                    "n_pred": 7910,
                    "n_ref": 13847
                }
            },
            "prediction_file": "/home/rth/jdekok/my-scratch/nnunetv2/nnUNet/predictions_combos/546_post/001.nii.gz",
            "reference_file": "/scratch/rth/jdekok/nnunetv2/nnUNet/nnUNet_raw/Dataset546_DWIGen/labelsTr/001.nii.gz"
        },
        {
            "metrics": {
                "1": {
                    "ASSD": 0.23462279621991655,
                    "Dice": 0.8461428707314753,
                    "FN": 3927,
                    "FP": 2543,
                    "HD95": 1.4142135623730951,
                    "IoU": 0.7333168459667779,
                    "TN": 9070139,
                    "TP": 17791,
                    "n_pred": 20334,
                    "n_ref": 21718
                }
            },
            "prediction_file": "/home/rth/jdekok/my-scratch/nnunetv2/nnUNet/predictions_combos/546_post/002.nii.gz",
            "reference_file": "/scratch/rth/jdekok/nnunetv2/nnUNet/nnUNet_raw/Dataset546_DWIGen/labelsTr/002.nii.gz"
        },
        {
            "metrics": {
                "1": {
                    "ASSD": 0.17683119633885466,
                    "Dice": 0.8688942218940373,
                    "FN": 4140,
                    "FP": 2962,
                    "HD95": 1.0,
                    "IoU": 0.7681812247029638,
                    "TN": 9063764,
                    "TP": 23534,
                    "n_pred": 26496,
                    "n_ref": 27674
                }
            },
            "prediction_file": "/home/rth/jdekok/my-scratch/nnunetv2/nnUNet/predictions_combos/546_post/003.nii.gz",
            "reference_file": "/scratch/rth/jdekok/nnunetv2/nnUNet/nnUNet_raw/Dataset546_DWIGen/labelsTr/003.nii.gz"
        },
        {
            "metrics": {
                "1": {
                    "ASSD": 0.512157936593383,
                    "Dice": 0.7094503353773272,
                    "FN": 3373,
                    "FP": 9752,
                    "HD95": 2.23606797749979,
                    "IoU": 0.5497272633709561,
                    "TN": 9065251,
                    "TP": 16024,
                    "n_pred": 25776,
                    "n_ref": 19397
                }
            },
            "prediction_file": "/home/rth/jdekok/my-scratch/nnunetv2/nnUNet/predictions_combos/546_post/004.nii.gz",
            "reference_file": "/scratch/rth/jdekok/nnunetv2/nnUNet/nnUNet_raw/Dataset546_DWIGen/labelsTr/004.nii.gz"
        },
        {
            "metrics": {
                "1": {
                    "ASSD": 0.2672403260435961,
                    "Dice": 0.8164859957079184,
                    "FN": 2625,
                    "FP": 4045,
                    "HD95": 1.4142135623730951,
                    "IoU": 0.6898828342942162,
                    "TN": 9072892,
                    "TP": 14838,
                    "n_pred": 18883,
                    "n_ref": 17463
                }
            },
            "prediction_file": "/home/rth/jdekok/my-scratch/nnunetv2/nnUNet/predictions_combos/546_post/005.nii.gz",
            "reference_file": "/scratch/rth/jdekok/nnunetv2/nnUNet/nnUNet_raw/Dataset546_DWIGen/labelsTr/005.nii.gz"
        },
        {
            "metrics": {
                "1": {
                    "ASSD": 0.5509164603130388,
                    "Dice": 0.792702737955486,
                    "FN": 24924,
                    "FP": 10040,
                    "HD95": 2.8284271247461903,
                    "IoU": 0.65659283995482,
                    "TN": 8992585,
                    "TP": 66851,
                    "n_pred": 76891,
                    "n_ref": 91775
                }
            },
            "prediction_file": "/home/rth/jdekok/my-scratch/nnunetv2/nnUNet/predictions_combos/546_post/006.nii.gz",
            "reference_file": "/scratch/rth/jdekok/nnunetv2/nnUNet/nnUNet_raw/Dataset546_DWIGen/labelsTr/006.nii.gz"
        },
        {
            "metrics": {
                "1": {
                    "ASSD": 2.391435669802675,
                    "Dice": 0.5183153770812928,
                    "FN": 2017,
                    "FP": 442,
                    "HD95": 12.23927009427946,
                    "IoU": 0.3498149127445796,
                    "TN": 9090618,
                    "TP": 1323,
                    "n_pred": 1765,
                    "n_ref": 3340
                }
            },
            "prediction_file": "/home/rth/jdekok/my-scratch/nnunetv2/nnUNet/predictions_combos/546_post/007.nii.gz",
            "reference_file": "/scratch/rth/jdekok/nnunetv2/nnUNet/nnUNet_raw/Dataset546_DWIGen/labelsTr/007.nii.gz"
        },
        {
            "metrics": {
                "1": {
                    "ASSD": 2.319297564412122,
                    "Dice": 0.5982809637875158,
                    "FN": 2588,
                    "FP": 263,
                    "HD95": 17.326143011947032,
                    "IoU": 0.4268194611982308,
                    "TN": 9089426,
                    "TP": 2123,
                    "n_pred": 2386,
                    "n_ref": 4711
                }
            },
            "prediction_file": "/home/rth/jdekok/my-scratch/nnunetv2/nnUNet/predictions_combos/546_post/008.nii.gz",
            "reference_file": "/scratch/rth/jdekok/nnunetv2/nnUNet/nnUNet_raw/Dataset546_DWIGen/labelsTr/008.nii.gz"
        },
        {
            "metrics": {
                "1": {
                    "ASSD": 0.7445917409615108,
                    "Dice": 0.7249464668094219,
                    "FN": 3611,
                    "FP": 1527,
                    "HD95": 4.242640687119285,
                    "IoU": 0.5685615920732219,
                    "TN": 9082491,
                    "TP": 6771,
                    "n_pred": 8298,
                    "n_ref": 10382
                }
            },
            "prediction_file": "/home/rth/jdekok/my-scratch/nnunetv2/nnUNet/predictions_combos/546_post/009.nii.gz",