{
    "foreground_mean": {
        "ASSD": 1.0065333054784165,
        "Dice": 0.7301639702642597,
        "FN": 5790.1875,
        "FP": 2385.5625,
        "HD95": 6.110306795384657,
        "IoU": 0.5857369216227893,
        "TN": 9072516.8125,
        "TP": 13707.4375,
        "n_pred": 16093.0,
        "n_ref": 19497.625
    },
    "mean": {
        "1": {
            "ASSD": 1.0065333054784165,
            "Dice": 0.7301639702642597,
            "FN": 5790.1875,
            "FP": 2385.5625,
            "HD95": 6.110306795384657,
            "IoU": 0.5857369216227893,
            "TN": 9072516.8125,
            "TP": 13707.4375,
            "n_pred": 16093.0,
            "n_ref": 19497.625
        }
    },
    "metric_per_case": [
        {
            "metrics": {
                "1": {
                    "ASSD": 0.15193981567412765,
                    "Dice": 0.8919332313626388,
                    "FN": 2316,
                    "FP": 934,
                    "HD95": 1.0,
                    "IoU": 0.8049453847077181,
                    "TN": 9077738,
                    "TP": 13412,
                    "n_pred": 14346,
                    "n_ref": 15728
                }
            },
            "prediction_file": "/home/rth/jdekok/my-scratch/nnunetv2/nnUNet/predictions_combos/547/000.nii.gz",
            "reference_file": "/scratch/rth/jdekok/nnunetv2/nnUNet/nnUNet_raw/Dataset547_ADCGen/labelsTr/000.nii.gz"
        },
        {
            "metrics": {
                "1": {
                    "ASSD": 2.1482057639111045,
                    "Dice": 0.5846284661533374,
                    "FN": 7659,
                    "FP": 1134,
                    "HD95": 12.165525060596439,
                    "IoU": 0.41305653828182365,
                    "TN": 9079419,
                    "TP": 6188,
                    "n_pred": 7322,
                    "n_ref": 13847
                }
            },
            "prediction_file": "/home/rth/jdekok/my-scratch/nnunetv2/nnUNet/predictions_combos/547/001.nii.gz",
            "reference_file": "/scratch/rth/jdekok/nnunetv2/nnUNet/nnUNet_raw/Dataset547_ADCGen/labelsTr/001.nii.gz"
        },
        {
            "metrics": {
                "1": {
                    "ASSD": 0.21739131091417147,
                    "Dice": 0.8489141852114225,
                    "FN": 4342,
                    "FP": 1843,
                    "HD95": 1.4142135623730951,
                    "IoU": 0.7374899197826917,
                    "TN": 9070839,
                    "TP": 17376,
                    "n_pred": 19219,
                    "n_ref": 21718
                }
            },
            "prediction_file": "/home/rth/jdekok/my-scratch/nnunetv2/nnUNet/predictions_combos/547/002.nii.gz",
            "reference_file": "/scratch/rth/jdekok/nnunetv2/nnUNet/nnUNet_raw/Dataset547_ADCGen/labelsTr/002.nii.gz"
        },
        {
            "metrics": {
                "1": {
                    "ASSD": 0.16386092064053667,
                    "Dice": 0.8686003942551394,
                    "FN": 4541,
                    "FP": 2458,
                    "HD95": 1.0,
                    "IoU": 0.7677220230983672,
                    "TN": 9064268,
                    "TP": 23133,
                    "n_pred": 25591,
                    "n_ref": 27674
                }
            },
            "prediction_file": "/home/rth/jdekok/my-scratch/nnunetv2/nnUNet/predictions_combos/547/003.nii.gz",
            "reference_file": "/scratch/rth/jdekok/nnunetv2/nnUNet/nnUNet_raw/Dataset547_ADCGen/labelsTr/003.nii.gz"
        },
        {
            "metrics": {
                "1": {
                    "ASSD": 0.4890412347806872,
                    "Dice": 0.711808809746954,
                    "FN": 4207,
                    "FP": 8093,
                    "HD95": 2.23606797749979,
                    "IoU": 0.5525645689341578,
                    "TN": 9066910,
                    "TP": 15190,
                    "n_pred": 23283,
                    "n_ref": 19397
                }
            },
            "prediction_file": "/home/rth/jdekok/my-scratch/nnunetv2/nnUNet/predictions_combos/547/004.nii.gz",
            "reference_file": "/scratch/rth/jdekok/nnunetv2/nnUNet/nnUNet_raw/Dataset547_ADCGen/labelsTr/004.nii.gz"
        },
        {
            "metrics": {
                "1": {
                    "ASSD": 0.2460490980370897,
                    "Dice": 0.8233639866137968,
                    "FN": 2824,
                    "FP": 3457,
                    "HD95": 1.4142135623730951,
                    "IoU": 0.6997609942638623,
                    "TN": 9073480,
                    "TP": 14639,
                    "n_pred": 18096,
                    "n_ref": 17463
                }
            },
            "prediction_file": "/home/rth/jdekok/my-scratch/nnunetv2/nnUNet/predictions_combos/547/005.nii.gz",
            "reference_file": "/scratch/rth/jdekok/nnunetv2/nnUNet/nnUNet_raw/Dataset547_ADCGen/labelsTr/005.nii.gz"
        },
        {
            "metrics": {
                "1": {
                    "ASSD": 1.0132068597806059,
                    "Dice": 0.7768883363357267,
                    "FN": 30536,
                    "FP": 4638,
                    "HD95": 5.477225575051661,
                    "IoU": 0.635173679897939,
                    "TN": 8997987,
                    "TP": 61239,
                    "n_pred": 65877,
                    "n_ref": 91775
                }
            },
            "prediction_file": "/home/rth/jdekok/my-scratch/nnunetv2/nnUNet/predictions_combos/547/006.nii.gz",
            "reference_file": "/scratch/rth/jdekok/nnunetv2/nnUNet/nnUNet_raw/Dataset547_ADCGen/labelsTr/006.nii.gz"
        },
        {
            "metrics": {
                "1": {
                    "ASSD": 2.718284112782028,
                    "Dice": 0.49918166939443537,
                    "FN": 2120,
                    "FP": 328,
                    "HD95": 13.341664064126334,
                    "IoU": 0.3326063249727372,
                    "TN": 9090732,
                    "TP": 1220,
                    "n_pred": 1548,
                    "n_ref": 3340
                }
            },
            "prediction_file": "/home/rth/jdekok/my-scratch/nnunetv2/nnUNet/predictions_combos/547/007.nii.gz",
            "reference_file": "/scratch/rth/jdekok/nnunetv2/nnUNet/nnUNet_raw/Dataset547_ADCGen/labelsTr/007.nii.gz"
        },
        {
            "metrics": {
                "1": {
                    "ASSD": 2.2920995087884535,
                    "Dice": 0.6108680310515173,
                    "FN": 2547,
                    "FP": 210,
                    "HD95": 17.291616465790582,
                    "IoU": 0.4397480186953871,
                    "TN": 9089479,
                    "TP": 2164,
                    "n_pred": 2374,
                    "n_ref": 4711
                }
            },
            "prediction_file": "/home/rth/jdekok/my-scratch/nnunetv2/nnUNet/predictions_combos/547/008.nii.gz",
            "reference_file": "/scratch/rth/jdekok/nnunetv2/nnUNet/nnUNet_raw/Dataset547_ADCGen/labelsTr/008.nii.gz"
        },
        {
            "metrics": {
                "1": {
                    "ASSD": 0.6385442196237218,
                    "Dice": 0.7462492552672914,
                    "FN": 3493,
                    "FP": 1192,
                    "HD95": 3.7416573867739413,
                    "IoU": 0.5952134093658199,
                    "TN": 9082826,
                    "TP": 6889,
                    "n_pred": 8081,
                    "n_ref": 10382
                }
            },
            "prediction_file": "/home/rth/jdekok/my-scratch/nnunetv2/nnUNet/predictions_combos/547/009.nii.gz",