{
    "foreground_mean": {
        "ASSD": 1.0966642145360312,
        "Dice": 0.7043285262202896,
        "FN": 6299.3125,
        "FP": 2144.5625,
        "HD95": 6.678473333459115,
        "IoU": 0.556411447303574,
        "TN": 9072757.8125,
        "TP": 13198.3125,
        "n_pred": 15342.875,
        "n_ref": 19497.625
    },
    "mean": {
        "1": {
            "ASSD": 1.0966642145360312,
            "Dice": 0.7043285262202896,
            "FN": 6299.3125,
            "FP": 2144.5625,
            "HD95": 6.678473333459115,
            "IoU": 0.556411447303574,
            "TN": 9072757.8125,
            "TP": 13198.3125,
            "n_pred": 15342.875,
            "n_ref": 19497.625
        }
    },
    "metric_per_case": [
        {
            "metrics": {
                "1": {
                    "ASSD": 0.15242898851751088,
                    "Dice": 0.8876830543933054,
                    "FN": 2150,
                    "FP": 1286,
                    "HD95": 1.0,
                    "IoU": 0.7980486658046315,
                    "TN": 9077386,
                    "TP": 13578,
                    "n_pred": 14864,
                    "n_ref": 15728
                }
            },
            "prediction_file": "/home/rth/jdekok/my-scratch/nnunetv2/nnUNet/predictions_combos/552/000.nii.gz",
            "reference_file": "/scratch/rth/jdekok/nnunetv2/nnUNet/nnUNet_raw/Dataset552_30T2_30STIR_ALLDWIADC/labelsTr/000.nii.gz"
        },
        {
            "metrics": {
                "1": {
                    "ASSD": 1.422197275455735,
                    "Dice": 0.6136598179941833,
                    "FN": 7306,
                    "FP": 930,
                    "HD95": 8.06225774829855,
                    "IoU": 0.4426473573797117,
                    "TN": 9079623,
                    "TP": 6541,
                    "n_pred": 7471,
                    "n_ref": 13847
                }
            },
            "prediction_file": "/home/rth/jdekok/my-scratch/nnunetv2/nnUNet/predictions_combos/552/001.nii.gz",
            "reference_file": "/scratch/rth/jdekok/nnunetv2/nnUNet/nnUNet_raw/Dataset552_30T2_30STIR_ALLDWIADC/labelsTr/001.nii.gz"
        },
        {
            "metrics": {
                "1": {
                    "ASSD": 0.4834667617886675,
                    "Dice": 0.7531188118811881,
                    "FN": 6505,
                    "FP": 3469,
                    "HD95": 2.8284271247461903,
                    "IoU": 0.6040020645571128,
                    "TN": 9069213,
                    "TP": 15213,
                    "n_pred": 18682,
                    "n_ref": 21718
                }
            },
            "prediction_file": "/home/rth/jdekok/my-scratch/nnunetv2/nnUNet/predictions_combos/552/002.nii.gz",
            "reference_file": "/scratch/rth/jdekok/nnunetv2/nnUNet/nnUNet_raw/Dataset552_30T2_30STIR_ALLDWIADC/labelsTr/002.nii.gz"
        },
        {
            "metrics": {
                "1": {
                    "ASSD": 0.17433556903112887,
                    "Dice": 0.8691113239076963,
                    "FN": 4530,
                    "FP": 2441,
                    "HD95": 1.0,
                    "IoU": 0.7685206707620788,
                    "TN": 9064285,
                    "TP": 23144,
                    "n_pred": 25585,
                    "n_ref": 27674
                }
            },
            "prediction_file": "/home/rth/jdekok/my-scratch/nnunetv2/nnUNet/predictions_combos/552/003.nii.gz",
            "reference_file": "/scratch/rth/jdekok/nnunetv2/nnUNet/nnUNet_raw/Dataset552_30T2_30STIR_ALLDWIADC/labelsTr/003.nii.gz"
        },
        {
            "metrics": {
                "1": {
                    "ASSD": 2.0628102639388266,
                    "Dice": 0.5935398256778357,
                    "FN": 9557,
                    "FP": 3920,
                    "HD95": 12.569805089976535,
                    "IoU": 0.422009692499035,
                    "TN": 9071083,
                    "TP": 9840,
                    "n_pred": 13760,
                    "n_ref": 19397
                }
            },
            "prediction_file": "/home/rth/jdekok/my-scratch/nnunetv2/nnUNet/predictions_combos/552/004.nii.gz",
            "reference_file": "/scratch/rth/jdekok/nnunetv2/nnUNet/nnUNet_raw/Dataset552_30T2_30STIR_ALLDWIADC/labelsTr/004.nii.gz"
        },
        {
            "metrics": {
                "1": {
                    "ASSD": 0.2336864781679588,
                    "Dice": 0.8306361527224816,
                    "FN": 2963,
                    "FP": 2950,
                    "HD95": 1.0,
                    "IoU": 0.7103316513986185,
                    "TN": 9073987,
                    "TP": 14500,
                    "n_pred": 17450,
                    "n_ref": 17463
                }
            },
            "prediction_file": "/home/rth/jdekok/my-scratch/nnunetv2/nnUNet/predictions_combos/552/005.nii.gz",
            "reference_file": "/scratch/rth/jdekok/nnunetv2/nnUNet/nnUNet_raw/Dataset552_30T2_30STIR_ALLDWIADC/labelsTr/005.nii.gz"
        },
        {
            "metrics": {
                "1": {
                    "ASSD": 0.7417518755714582,
                    "Dice": 0.781884212775048,
                    "FN": 29555,
                    "FP": 5159,
                    "HD95": 4.0,
                    "IoU": 0.6418800420904945,
                    "TN": 8997466,
                    "TP": 62220,
                    "n_pred": 67379,
                    "n_ref": 91775
                }
            },
            "prediction_file": "/home/rth/jdekok/my-scratch/nnunetv2/nnUNet/predictions_combos/552/006.nii.gz",
            "reference_file": "/scratch/rth/jdekok/nnunetv2/nnUNet/nnUNet_raw/Dataset552_30T2_30STIR_ALLDWIADC/labelsTr/006.nii.gz"
        },
        {
            "metrics": {
                "1": {
                    "ASSD": 2.228268889012675,
                    "Dice": 0.4054294615042279,
                    "FN": 2429,
                    "FP": 243,
                    "HD95": 9.273618495495704,
                    "IoU": 0.2542562098799888,
                    "TN": 9090817,
                    "TP": 911,
                    "n_pred": 1154,
                    "n_ref": 3340
                }
            },
            "prediction_file": "/home/rth/jdekok/my-scratch/nnunetv2/nnUNet/predictions_combos/552/007.nii.gz",
            "reference_file": "/scratch/rth/jdekok/nnunetv2/nnUNet/nnUNet_raw/Dataset552_30T2_30STIR_ALLDWIADC/labelsTr/007.nii.gz"
        },
        {
            "metrics": {
                "1": {
                    "ASSD": 2.491835035271735,
                    "Dice": 0.5711355311355312,
                    "FN": 2762,
                    "FP": 165,
                    "HD95": 18.0,
                    "IoU": 0.3997128794093519,
                    "TN": 9089524,
                    "TP": 1949,
                    "n_pred": 2114,
                    "n_ref": 4711
                }
            },
            "prediction_file": "/home/rth/jdekok/my-scratch/nnunetv2/nnUNet/predictions_combos/552/008.nii.gz",
            "reference_file": "/scratch/rth/jdekok/nnunetv2/nnUNet/nnUNet_raw/Dataset552_30T2_30STIR_ALLDWIADC/labelsTr/008.nii.gz"
        },
        {
            "metrics": {
                "1": {
                    "ASSD": 0.7070463781866134,
                    "Dice": 0.7294863242161441,
                    "FN": 3821,
                    "FP": 1045,
                    "HD95": 4.123105625617661,
                    "IoU": 0.5741664478865844,
                    "TN": 9082973,
                    "TP": 6561,
                    "n_pred": 7606,
                    "n_ref": 10382
                }
            },
            "prediction_file": "/home/rth/jdekok/my-scratch/nnunetv2/nnUNet/predictions_combos/552/009.nii.gz",