{
    "foreground_mean": {
        "ASSD": 1.3078716717035643,
        "Dice": 0.6928007646513998,
        "FN": 6584.3125,
        "FP": 2281.0625,
        "HD95": 7.55118343834952,
        "IoU": 0.5466524990055098,
        "TN": 9072621.3125,
        "TP": 12913.3125,
        "n_pred": 15194.375,
        "n_ref": 19497.625
    },
    "mean": {
        "1": {
            "ASSD": 1.3078716717035643,
            "Dice": 0.6928007646513998,
            "FN": 6584.3125,
            "FP": 2281.0625,
            "HD95": 7.55118343834952,
            "IoU": 0.5466524990055098,
            "TN": 9072621.3125,
            "TP": 12913.3125,
            "n_pred": 15194.375,
            "n_ref": 19497.625
        }
    },
    "metric_per_case": [
        {
            "metrics": {
                "1": {
                    "ASSD": 0.19618059412406325,
                    "Dice": 0.8662759722962173,
                    "FN": 2720,
                    "FP": 1296,
                    "HD95": 1.0,
                    "IoU": 0.7640977443609023,
                    "TN": 9077376,
                    "TP": 13008,
                    "n_pred": 14304,
                    "n_ref": 15728
                }
            },
            "prediction_file": "/home/rth/jdekok/my-scratch/nnunetv2/nnUNet/predictions_combos/556_post/000.nii.gz",
            "reference_file": "/scratch/rth/jdekok/nnunetv2/nnUNet/nnUNet_raw/Dataset556_30T1_30T1C_60DWIADC_30T2_30STIR/labelsTr/000.nii.gz"
        },
        {
            "metrics": {
                "1": {
                    "ASSD": 1.7514439081950102,
                    "Dice": 0.6218559451219512,
                    "FN": 7320,
                    "FP": 618,
                    "HD95": 10.246950765959598,
                    "IoU": 0.45122709989630144,
                    "TN": 9079935,
                    "TP": 6527,
                    "n_pred": 7145,
                    "n_ref": 13847
                }
            },
            "prediction_file": "/home/rth/jdekok/my-scratch/nnunetv2/nnUNet/predictions_combos/556_post/001.nii.gz",
            "reference_file": "/scratch/rth/jdekok/nnunetv2/nnUNet/nnUNet_raw/Dataset556_30T1_30T1C_60DWIADC_30T2_30STIR/labelsTr/001.nii.gz"
        },
        {
            "metrics": {
                "1": {
                    "ASSD": 0.3963406842535155,
                    "Dice": 0.8242318529451228,
                    "FN": 3289,
                    "FP": 4571,
                    "HD95": 1.7320508075688772,
                    "IoU": 0.7010156339153258,
                    "TN": 9068111,
                    "TP": 18429,
                    "n_pred": 23000,
                    "n_ref": 21718
                }
            },
            "prediction_file": "/home/rth/jdekok/my-scratch/nnunetv2/nnUNet/predictions_combos/556_post/002.nii.gz",
            "reference_file": "/scratch/rth/jdekok/nnunetv2/nnUNet/nnUNet_raw/Dataset556_30T1_30T1C_60DWIADC_30T2_30STIR/labelsTr/002.nii.gz"
        },
        {
            "metrics": {
                "1": {
                    "ASSD": 0.14470732748562254,
                    "Dice": 0.879934029686641,
                    "FN": 3665,
                    "FP": 2887,
                    "HD95": 1.0,
                    "IoU": 0.7856091096495533,
                    "TN": 9063839,
                    "TP": 24009,
                    "n_pred": 26896,
                    "n_ref": 27674
                }
            },
            "prediction_file": "/home/rth/jdekok/my-scratch/nnunetv2/nnUNet/predictions_combos/556_post/003.nii.gz",
            "reference_file": "/scratch/rth/jdekok/nnunetv2/nnUNet/nnUNet_raw/Dataset556_30T1_30T1C_60DWIADC_30T2_30STIR/labelsTr/003.nii.gz"
        },
        {
            "metrics": {
                "1": {
                    "ASSD": 2.133168107357193,
                    "Dice": 0.5934549841652843,
                    "FN": 9559,
                    "FP": 3920,
                    "HD95": 13.341664064126334,
                    "IoU": 0.4219239181712913,
                    "TN": 9071083,
                    "TP": 9838,
                    "n_pred": 13758,
                    "n_ref": 19397
                }
            },
            "prediction_file": "/home/rth/jdekok/my-scratch/nnunetv2/nnUNet/predictions_combos/556_post/004.nii.gz",
            "reference_file": "/scratch/rth/jdekok/nnunetv2/nnUNet/nnUNet_raw/Dataset556_30T1_30T1C_60DWIADC_30T2_30STIR/labelsTr/004.nii.gz"
        },
        {
            "metrics": {
                "1": {
                    "ASSD": 0.24549332275886093,
                    "Dice": 0.8152113919858704,
                    "FN": 2693,
                    "FP": 4003,
                    "HD95": 1.4142135623730951,
                    "IoU": 0.6880648467343706,
                    "TN": 9072934,
                    "TP": 14770,
                    "n_pred": 18773,
                    "n_ref": 17463
                }
            },
            "prediction_file": "/home/rth/jdekok/my-scratch/nnunetv2/nnUNet/predictions_combos/556_post/005.nii.gz",
            "reference_file": "/scratch/rth/jdekok/nnunetv2/nnUNet/nnUNet_raw/Dataset556_30T1_30T1C_60DWIADC_30T2_30STIR/labelsTr/005.nii.gz"
        },
        {
            "metrics": {
                "1": {
                    "ASSD": 0.8684294859245669,
                    "Dice": 0.7392694965449161,
                    "FN": 35609,
                    "FP": 4009,
                    "HD95": 5.385164807134504,
                    "IoU": 0.5863818591831621,
                    "TN": 8998616,
                    "TP": 56166,
                    "n_pred": 60175,
                    "n_ref": 91775
                }
            },
            "prediction_file": "/home/rth/jdekok/my-scratch/nnunetv2/nnUNet/predictions_combos/556_post/006.nii.gz",
            "reference_file": "/scratch/rth/jdekok/nnunetv2/nnUNet/nnUNet_raw/Dataset556_30T1_30T1C_60DWIADC_30T2_30STIR/labelsTr/006.nii.gz"
        },
        {
            "metrics": {
                "1": {
                    "ASSD": 2.228268889012675,
                    "Dice": 0.4054294615042279,
                    "FN": 2429,
                    "FP": 243,
                    "HD95": 9.273618495495704,
                    "IoU": 0.2542562098799888,
                    "TN": 9090817,
                    "TP": 911,
                    "n_pred": 1154,
                    "n_ref": 3340
                }
            },
            "prediction_file": "/home/rth/jdekok/my-scratch/nnunetv2/nnUNet/predictions_combos/556_post/007.nii.gz",
            "reference_file": "/scratch/rth/jdekok/nnunetv2/nnUNet/nnUNet_raw/Dataset556_30T1_30T1C_60DWIADC_30T2_30STIR/labelsTr/007.nii.gz"
        },
        {
            "metrics": {
                "1": {
                    "ASSD": 3.042644118949991,
                    "Dice": 0.5551093261936635,
                    "FN": 2845,
                    "FP": 146,
                    "HD95": 22.02271554554524,
                    "IoU": 0.3841877702285361,
                    "TN": 9089543,
                    "TP": 1866,
                    "n_pred": 2012,
                    "n_ref": 4711
                }
            },
            "prediction_file": "/home/rth/jdekok/my-scratch/nnunetv2/nnUNet/predictions_combos/556_post/008.nii.gz",
            "reference_file": "/scratch/rth/jdekok/nnunetv2/nnUNet/nnUNet_raw/Dataset556_30T1_30T1C_60DWIADC_30T2_30STIR/labelsTr/008.nii.gz"
        },
        {
            "metrics": {
                "1": {
                    "ASSD": 3.8579221219611544,
                    "Dice": 0.438310330405688,
                    "FN": 7238,
                    "FP": 820,
                    "HD95": 16.1245154965971,
                    "IoU": 0.2806641671130155,
                    "TN": 9083198,
                    "TP": 3144,
                    "n_pred": 3964,
                    "n_ref": 10382
                }
            },