{
    "foreground_mean": {
        "ASSD": 0.8088529118314458,
        "Dice": 0.7575473813716811,
        "FN": 4638.1875,
        "FP": 3798.4375,
        "HD95": 5.248503063569435,
        "IoU": 0.6175146251191647,
        "TN": 9071103.9375,
        "TP": 14859.4375,
        "n_pred": 18657.875,
        "n_ref": 19497.625
    },
    "mean": {
        "1": {
            "ASSD": 0.8088529118314458,
            "Dice": 0.7575473813716811,
            "FN": 4638.1875,
            "FP": 3798.4375,
            "HD95": 5.248503063569435,
            "IoU": 0.6175146251191647,
            "TN": 9071103.9375,
            "TP": 14859.4375,
            "n_pred": 18657.875,
            "n_ref": 19497.625
        }
    },
    "metric_per_case": [
        {
            "metrics": {
                "1": {
                    "ASSD": 0.14090448322613122,
                    "Dice": 0.8980126225325634,
                    "FN": 2353,
                    "FP": 685,
                    "HD95": 1.0,
                    "IoU": 0.814902820934625,
                    "TN": 9077987,
                    "TP": 13375,
                    "n_pred": 14060,
                    "n_ref": 15728
                }
            },
            "prediction_file": "/home/rth/jdekok/my-scratch/nnunetv2/nnUNet/fold_0_only/predictions_postprocessed/000.nii.gz",
            "reference_file": "/home/rth/jdekok/my-scratch/nnunetv2/nnUNet/nnUNet_raw/Dataset520_NeckTumour/lablesTsreal/000.nii.gz"
        },
        {
            "metrics": {
                "1": {
                    "ASSD": 0.8359750802786412,
                    "Dice": 0.6745284645357057,
                    "FN": 4066,
                    "FP": 5373,
                    "HD95": 4.898979485566356,
                    "IoU": 0.5088969823100936,
                    "TN": 9075180,
                    "TP": 9781,
                    "n_pred": 15154,
                    "n_ref": 13847
                }
            },
            "prediction_file": "/home/rth/jdekok/my-scratch/nnunetv2/nnUNet/fold_0_only/predictions_postprocessed/001.nii.gz",
            "reference_file": "/home/rth/jdekok/my-scratch/nnunetv2/nnUNet/nnUNet_raw/Dataset520_NeckTumour/lablesTsreal/001.nii.gz"
        },
        {
            "metrics": {
                "1": {
                    "ASSD": 0.1797812980600199,
                    "Dice": 0.8694945177476305,
                    "FN": 3003,
                    "FP": 2615,
                    "HD95": 1.0,
                    "IoU": 0.7691201249332182,
                    "TN": 9070067,
                    "TP": 18715,
                    "n_pred": 21330,
                    "n_ref": 21718
                }
            },
            "prediction_file": "/home/rth/jdekok/my-scratch/nnunetv2/nnUNet/fold_0_only/predictions_postprocessed/002.nii.gz",
            "reference_file": "/home/rth/jdekok/my-scratch/nnunetv2/nnUNet/nnUNet_raw/Dataset520_NeckTumour/lablesTsreal/002.nii.gz"
        },
        {
            "metrics": {
                "1": {
                    "ASSD": 0.20604011918705184,
                    "Dice": 0.8421979031147164,
                    "FN": 5664,
                    "FP": 2584,
                    "HD95": 1.0,
                    "IoU": 0.7274109326459118,
                    "TN": 9064142,
                    "TP": 22010,
                    "n_pred": 24594,
                    "n_ref": 27674
                }
            },
            "prediction_file": "/home/rth/jdekok/my-scratch/nnunetv2/nnUNet/fold_0_only/predictions_postprocessed/003.nii.gz",
            "reference_file": "/home/rth/jdekok/my-scratch/nnunetv2/nnUNet/nnUNet_raw/Dataset520_NeckTumour/lablesTsreal/003.nii.gz"
        },
        {
            "metrics": {
                "1": {
                    "ASSD": 1.1842583905763227,
                    "Dice": 0.6781715595521467,
                    "FN": 4012,
                    "FP": 10590,
                    "HD95": 7.14142842854285,
                    "IoU": 0.5130556574515623,
                    "TN": 9064413,
                    "TP": 15385,
                    "n_pred": 25975,
                    "n_ref": 19397
                }
            },
            "prediction_file": "/home/rth/jdekok/my-scratch/nnunetv2/nnUNet/fold_0_only/predictions_postprocessed/004.nii.gz",
            "reference_file": "/home/rth/jdekok/my-scratch/nnunetv2/nnUNet/nnUNet_raw/Dataset520_NeckTumour/lablesTsreal/004.nii.gz"
        },
        {
            "metrics": {
                "1": {
                    "ASSD": 0.22328893047377532,
                    "Dice": 0.8373485306392655,
                    "FN": 2917,
                    "FP": 2734,
                    "HD95": 1.0,
                    "IoU": 0.7202059711838392,
                    "TN": 9074203,
                    "TP": 14546,
                    "n_pred": 17280,
                    "n_ref": 17463
                }
            },
            "prediction_file": "/home/rth/jdekok/my-scratch/nnunetv2/nnUNet/fold_0_only/predictions_postprocessed/005.nii.gz",
            "reference_file": "/home/rth/jdekok/my-scratch/nnunetv2/nnUNet/nnUNet_raw/Dataset520_NeckTumour/lablesTsreal/005.nii.gz"
        },
        {
            "metrics": {
                "1": {
                    "ASSD": 0.512615329751715,
                    "Dice": 0.7743385978385477,
                    "FN": 22203,
                    "FP": 18347,
                    "HD95": 3.0,
                    "IoU": 0.6317720346524763,
                    "TN": 8984278,
                    "TP": 69572,
                    "n_pred": 87919,
                    "n_ref": 91775
                }
            },
            "prediction_file": "/home/rth/jdekok/my-scratch/nnunetv2/nnUNet/fold_0_only/predictions_postprocessed/006.nii.gz",
            "reference_file": "/home/rth/jdekok/my-scratch/nnunetv2/nnUNet/nnUNet_raw/Dataset520_NeckTumour/lablesTsreal/006.nii.gz"
        },
        {
            "metrics": {
                "1": {
                    "ASSD": 1.7445483471802312,
                    "Dice": 0.5902738960313024,
                    "FN": 1228,
                    "FP": 1704,
                    "HD95": 9.899494936611665,
                    "IoU": 0.41871530531324347,
                    "TN": 9089356,
                    "TP": 2112,
                    "n_pred": 3816,
                    "n_ref": 3340
                }
            },
            "prediction_file": "/home/rth/jdekok/my-scratch/nnunetv2/nnUNet/fold_0_only/predictions_postprocessed/007.nii.gz",
            "reference_file": "/home/rth/jdekok/my-scratch/nnunetv2/nnUNet/nnUNet_raw/Dataset520_NeckTumour/lablesTsreal/007.nii.gz"
        },
        {
            "metrics": {
                "1": {
                    "ASSD": 2.450688887921451,
                    "Dice": 0.6610788157361093,
                    "FN": 2266,
                    "FP": 241,
                    "HD95": 20.024984394500787,
                    "IoU": 0.49373990306946686,
                    "TN": 9089448,
                    "TP": 2445,
                    "n_pred": 2686,
                    "n_ref": 4711
                }
            },
            "prediction_file": "/home/rth/jdekok/my-scratch/nnunetv2/nnUNet/fold_0_only/predictions_postprocessed/008.nii.gz",
            "reference_file": "/home/rth/jdekok/my-scratch/nnunetv2/nnUNet/nnUNet_raw/Dataset520_NeckTumour/lablesTsreal/008.nii.gz"
        },
        {
            "metrics": {
                "1": {
                    "ASSD": 0.8103750506830808,
                    "Dice": 0.7310995117023068,
                    "FN": 3869,
                    "FP": 922,
                    "HD95": 5.0,
                    "IoU": 0.5761677282377919,
                    "TN": 9083096,
                    "TP": 6513,
                    "n_pred": 7435,
                    "n_ref": 10382
                }
            },