{
    "foreground_mean": {
        "ASSD": 1.600470289193343,
        "Dice": 0.734446636551403,
        "FN": 6014.625,
        "FP": 2821.0,
        "HD95": 5.533610506696245,
        "IoU": 0.5906013474104852,
        "TN": 9072081.375,
        "TP": 13483.0,
        "n_pred": 16304.0,
        "n_ref": 19497.625
    },
    "mean": {
        "1": {
            "ASSD": 1.600470289193343,
            "Dice": 0.734446636551403,
            "FN": 6014.625,
            "FP": 2821.0,
            "HD95": 5.533610506696245,
            "IoU": 0.5906013474104852,
            "TN": 9072081.375,
            "TP": 13483.0,
            "n_pred": 16304.0,
            "n_ref": 19497.625
        }
    },
    "metric_per_case": [
        {
            "metrics": {
                "1": {
                    "ASSD": 0.1563362156766039,
                    "Dice": 0.8897305268802789,
                    "FN": 2455,
                    "FP": 835,
                    "HD95": 1.0,
                    "IoU": 0.8013644871098231,
                    "TN": 9077837,
                    "TP": 13273,
                    "n_pred": 14108,
                    "n_ref": 15728
                }
            },
            "prediction_file": "/home/rth/jdekok/my-scratch/nnunetv2/nnUNet/predictions_combos/543/000.nii.gz",
            "reference_file": "/home/rth/jdekok/my-scratch/nnunetv2/nnUNet/nnUNet_raw/Dataset520_NeckTumour/labelsTsreal/000.nii.gz"
        },
        {
            "metrics": {
                "1": {
                    "ASSD": 1.679933437478907,
                    "Dice": 0.6059250978200111,
                    "FN": 7343,
                    "FP": 1117,
                    "HD95": 9.468334833548036,
                    "IoU": 0.43464314354450684,
                    "TN": 9079436,
                    "TP": 6504,
                    "n_pred": 7621,
                    "n_ref": 13847
                }
            },
            "prediction_file": "/home/rth/jdekok/my-scratch/nnunetv2/nnUNet/predictions_combos/543/001.nii.gz",
            "reference_file": "/home/rth/jdekok/my-scratch/nnunetv2/nnUNet/nnUNet_raw/Dataset520_NeckTumour/labelsTsreal/001.nii.gz"
        },
        {
            "metrics": {
                "1": {
                    "ASSD": 0.23821098820410805,
                    "Dice": 0.8480051768336694,
                    "FN": 4682,
                    "FP": 1425,
                    "HD95": 1.4142135623730951,
                    "IoU": 0.736118912846217,
                    "TN": 9071257,
                    "TP": 17036,
                    "n_pred": 18461,
                    "n_ref": 21718
                }
            },
            "prediction_file": "/home/rth/jdekok/my-scratch/nnunetv2/nnUNet/predictions_combos/543/002.nii.gz",
            "reference_file": "/home/rth/jdekok/my-scratch/nnunetv2/nnUNet/nnUNet_raw/Dataset520_NeckTumour/labelsTsreal/002.nii.gz"
        },
        {
            "metrics": {
                "1": {
                    "ASSD": 0.2016404125196964,
                    "Dice": 0.8670993808570734,
                    "FN": 4496,
                    "FP": 2609,
                    "HD95": 1.0,
                    "IoU": 0.7653799161245584,
                    "TN": 9064117,
                    "TP": 23178,
                    "n_pred": 25787,
                    "n_ref": 27674
                }
            },
            "prediction_file": "/home/rth/jdekok/my-scratch/nnunetv2/nnUNet/predictions_combos/543/003.nii.gz",
            "reference_file": "/home/rth/jdekok/my-scratch/nnunetv2/nnUNet/nnUNet_raw/Dataset520_NeckTumour/labelsTsreal/003.nii.gz"
        },
        {
            "metrics": {
                "1": {
                    "ASSD": 0.4346722029921836,
                    "Dice": 0.712388599664696,
                    "FN": 3250,
                    "FP": 9788,
                    "HD95": 2.0,
                    "IoU": 0.5532636628405002,
                    "TN": 9065215,
                    "TP": 16147,
                    "n_pred": 25935,
                    "n_ref": 19397
                }
            },
            "prediction_file": "/home/rth/jdekok/my-scratch/nnunetv2/nnUNet/predictions_combos/543/004.nii.gz",
            "reference_file": "/home/rth/jdekok/my-scratch/nnunetv2/nnUNet/nnUNet_raw/Dataset520_NeckTumour/labelsTsreal/004.nii.gz"
        },
        {
            "metrics": {
                "1": {
                    "ASSD": 0.23639980464533472,
                    "Dice": 0.8276542419879486,
                    "FN": 1942,
                    "FP": 4522,
                    "HD95": 1.4142135623730951,
                    "IoU": 0.7059813509210826,
                    "TN": 9072415,
                    "TP": 15521,
                    "n_pred": 20043,
                    "n_ref": 17463
                }
            },
            "prediction_file": "/home/rth/jdekok/my-scratch/nnunetv2/nnUNet/predictions_combos/543/005.nii.gz",
            "reference_file": "/home/rth/jdekok/my-scratch/nnunetv2/nnUNet/nnUNet_raw/Dataset520_NeckTumour/labelsTsreal/005.nii.gz"
        },
        {
            "metrics": {
                "1": {
                    "ASSD": 3.4873982008960738,
                    "Dice": 0.6882924753264474,
                    "FN": 40830,
                    "FP": 5313,
                    "HD95": 9.38083151964686,
                    "IoU": 0.524730141727093,
                    "TN": 8997312,
                    "TP": 50945,
                    "n_pred": 56258,
                    "n_ref": 91775
                }
            },
            "prediction_file": "/home/rth/jdekok/my-scratch/nnunetv2/nnUNet/predictions_combos/543/006.nii.gz",
            "reference_file": "/home/rth/jdekok/my-scratch/nnunetv2/nnUNet/nnUNet_raw/Dataset520_NeckTumour/labelsTsreal/006.nii.gz"
        },
        {
            "metrics": {
                "1": {
                    "ASSD": 3.335428441455537,
                    "Dice": 0.543087202329964,
                    "FN": 1755,
                    "FP": 912,
                    "HD95": 4.123105625617661,
                    "IoU": 0.37276575729068673,
                    "TN": 9090148,
                    "TP": 1585,
                    "n_pred": 2497,
                    "n_ref": 3340
                }
            },
            "prediction_file": "/home/rth/jdekok/my-scratch/nnunetv2/nnUNet/predictions_combos/543/007.nii.gz",
            "reference_file": "/home/rth/jdekok/my-scratch/nnunetv2/nnUNet/nnUNet_raw/Dataset520_NeckTumour/labelsTsreal/007.nii.gz"
        },
        {
            "metrics": {
                "1": {
                    "ASSD": 2.4163605268213266,
                    "Dice": 0.6402926432732692,
                    "FN": 2348,
                    "FP": 307,
                    "HD95": 19.235384061671343,
                    "IoU": 0.4709047429254683,
                    "TN": 9089382,
                    "TP": 2363,
                    "n_pred": 2670,
                    "n_ref": 4711
                }
            },
            "prediction_file": "/home/rth/jdekok/my-scratch/nnunetv2/nnUNet/predictions_combos/543/008.nii.gz",
            "reference_file": "/home/rth/jdekok/my-scratch/nnunetv2/nnUNet/nnUNet_raw/Dataset520_NeckTumour/labelsTsreal/008.nii.gz"
        },
        {
            "metrics": {
                "1": {
                    "ASSD": 0.9006307523240694,
                    "Dice": 0.7066104078762306,
                    "FN": 4102,
                    "FP": 1113,
                    "HD95": 5.0,
                    "IoU": 0.5463244889082209,
                    "TN": 9082905,
                    "TP": 6280,
                    "n_pred": 7393,
                    "n_ref": 10382
                }
            },
            "prediction_file": "/home/rth/jdekok/my-scratch/nnunetv2/nnUNet/predictions_combos/543/009.nii.gz",