{
    "foreground_mean": {
        "ASSD": 0.8409089039994562,
        "Dice": 0.7306941034055442,
        "FN": 5788.875,
        "FP": 2832.3125,
        "HD95": 4.891568060120223,
        "IoU": 0.5847498776013296,
        "TN": 9072070.0625,
        "TP": 13708.75,
        "n_pred": 16541.0625,
        "n_ref": 19497.625
    },
    "mean": {
        "1": {
            "ASSD": 0.8409089039994562,
            "Dice": 0.7306941034055442,
            "FN": 5788.875,
            "FP": 2832.3125,
            "HD95": 4.891568060120223,
            "IoU": 0.5847498776013296,
            "TN": 9072070.0625,
            "TP": 13708.75,
            "n_pred": 16541.0625,
            "n_ref": 19497.625
        }
    },
    "metric_per_case": [
        {
            "metrics": {
                "1": {
                    "ASSD": 0.15190512726478395,
                    "Dice": 0.8786975611319424,
                    "FN": 2019,
                    "FP": 1766,
                    "HD95": 1.0,
                    "IoU": 0.7836401051789185,
                    "TN": 9076906,
                    "TP": 13709,
                    "n_pred": 15475,
                    "n_ref": 15728
                }
            },
            "prediction_file": "/home/rth/jdekok/my-scratch/nnunetv2/nnUNet/predictions_combos/544/000.nii.gz",
            "reference_file": "/home/rth/jdekok/my-scratch/nnunetv2/nnUNet/nnUNet_raw/Dataset520_NeckTumour/labelsTsreal/000.nii.gz"
        },
        {
            "metrics": {
                "1": {
                    "ASSD": 1.758325709527745,
                    "Dice": 0.6135216008976997,
                    "FN": 7286,
                    "FP": 980,
                    "HD95": 9.881771939426109,
                    "IoU": 0.442503540837661,
                    "TN": 9079573,
                    "TP": 6561,
                    "n_pred": 7541,
                    "n_ref": 13847
                }
            },
            "prediction_file": "/home/rth/jdekok/my-scratch/nnunetv2/nnUNet/predictions_combos/544/001.nii.gz",
            "reference_file": "/home/rth/jdekok/my-scratch/nnunetv2/nnUNet/nnUNet_raw/Dataset520_NeckTumour/labelsTsreal/001.nii.gz"
        },
        {
            "metrics": {
                "1": {
                    "ASSD": 0.220982036489534,
                    "Dice": 0.84199196326062,
                    "FN": 4117,
                    "FP": 2489,
                    "HD95": 1.4142135623730951,
                    "IoU": 0.7271037303259388,
                    "TN": 9070193,
                    "TP": 17601,
                    "n_pred": 20090,
                    "n_ref": 21718
                }
            },
            "prediction_file": "/home/rth/jdekok/my-scratch/nnunetv2/nnUNet/predictions_combos/544/002.nii.gz",
            "reference_file": "/home/rth/jdekok/my-scratch/nnunetv2/nnUNet/nnUNet_raw/Dataset520_NeckTumour/labelsTsreal/002.nii.gz"
        },
        {
            "metrics": {
                "1": {
                    "ASSD": 0.20330896042014857,
                    "Dice": 0.8599532491818607,
                    "FN": 4681,
                    "FP": 2808,
                    "HD95": 1.0,
                    "IoU": 0.7543140213896726,
                    "TN": 9063918,
                    "TP": 22993,
                    "n_pred": 25801,
                    "n_ref": 27674
                }
            },
            "prediction_file": "/home/rth/jdekok/my-scratch/nnunetv2/nnUNet/predictions_combos/544/003.nii.gz",
            "reference_file": "/home/rth/jdekok/my-scratch/nnunetv2/nnUNet/nnUNet_raw/Dataset520_NeckTumour/labelsTsreal/003.nii.gz"
        },
        {
            "metrics": {
                "1": {
                    "ASSD": 0.5594760974777693,
                    "Dice": 0.7131202477524324,
                    "FN": 3969,
                    "FP": 8444,
                    "HD95": 2.8284271247461903,
                    "IoU": 0.5541467619697569,
                    "TN": 9066559,
                    "TP": 15428,
                    "n_pred": 23872,
                    "n_ref": 19397
                }
            },
            "prediction_file": "/home/rth/jdekok/my-scratch/nnunetv2/nnUNet/predictions_combos/544/004.nii.gz",
            "reference_file": "/home/rth/jdekok/my-scratch/nnunetv2/nnUNet/nnUNet_raw/Dataset520_NeckTumour/labelsTsreal/004.nii.gz"
        },
        {
            "metrics": {
                "1": {
                    "ASSD": 0.2791798779984812,
                    "Dice": 0.8044229440221147,
                    "FN": 2913,
                    "FP": 4162,
                    "HD95": 1.7320508075688772,
                    "IoU": 0.6728323699421965,
                    "TN": 9072775,
                    "TP": 14550,
                    "n_pred": 18712,
                    "n_ref": 17463
                }
            },
            "prediction_file": "/home/rth/jdekok/my-scratch/nnunetv2/nnUNet/predictions_combos/544/005.nii.gz",
            "reference_file": "/home/rth/jdekok/my-scratch/nnunetv2/nnUNet/nnUNet_raw/Dataset520_NeckTumour/labelsTsreal/005.nii.gz"
        },
        {
            "metrics": {
                "1": {
                    "ASSD": 0.9635646722124772,
                    "Dice": 0.7346322867580876,
                    "FN": 36275,
                    "FP": 3821,
                    "HD95": 5.0990195135927845,
                    "IoU": 0.5805682246119085,
                    "TN": 8998804,
                    "TP": 55500,
                    "n_pred": 59321,
                    "n_ref": 91775
                }
            },
            "prediction_file": "/home/rth/jdekok/my-scratch/nnunetv2/nnUNet/predictions_combos/544/006.nii.gz",
            "reference_file": "/home/rth/jdekok/my-scratch/nnunetv2/nnUNet/nnUNet_raw/Dataset520_NeckTumour/labelsTsreal/006.nii.gz"
        },
        {
            "metrics": {
                "1": {
                    "ASSD": 1.022494912149686,
                    "Dice": 0.5562379364800842,
                    "FN": 1755,
                    "FP": 774,
                    "HD95": 4.123105625617661,
                    "IoU": 0.3852698104035002,
                    "TN": 9090286,
                    "TP": 1585,
                    "n_pred": 2359,
                    "n_ref": 3340
                }
            },
            "prediction_file": "/home/rth/jdekok/my-scratch/nnunetv2/nnUNet/predictions_combos/544/007.nii.gz",
            "reference_file": "/home/rth/jdekok/my-scratch/nnunetv2/nnUNet/nnUNet_raw/Dataset520_NeckTumour/labelsTsreal/007.nii.gz"
        },
        {
            "metrics": {
                "1": {
                    "ASSD": 1.4843158455530805,
                    "Dice": 0.6213645761543763,
                    "FN": 2457,
                    "FP": 290,
                    "HD95": 9.433981132056603,
                    "IoU": 0.4507098580283943,
                    "TN": 9089399,
                    "TP": 2254,
                    "n_pred": 2544,
                    "n_ref": 4711
                }
            },
            "prediction_file": "/home/rth/jdekok/my-scratch/nnunetv2/nnUNet/predictions_combos/544/008.nii.gz",
            "reference_file": "/home/rth/jdekok/my-scratch/nnunetv2/nnUNet/nnUNet_raw/Dataset520_NeckTumour/labelsTsreal/008.nii.gz"
        },
        {
            "metrics": {
                "1": {
                    "ASSD": 0.9254279162897974,
                    "Dice": 0.7203107051036596,
                    "FN": 3798,
                    "FP": 1315,
                    "HD95": 4.47213595499958,
                    "IoU": 0.5628793707788322,
                    "TN": 9082703,
                    "TP": 6584,
                    "n_pred": 7899,
                    "n_ref": 10382
                }
            },
            "prediction_file": "/home/rth/jdekok/my-scratch/nnunetv2/nnUNet/predictions_combos/544/009.nii.gz",