{
    "foreground_intensity_properties_per_channel": {
        "0": {
            "max": 877.055419921875,
            "mean": 105.18428802490234,
            "median": 99.0,
            "min": 4.0,
            "percentile_00_5": 50.0,
            "percentile_99_5": 538.07080078125,
            "std": 51.62640380859375
        },
        "1": {
            "max": 1496.849365234375,
            "mean": 293.0503234863281,
            "median": 285.0,
            "min": 0.0,
            "percentile_00_5": 106.0,
            "percentile_99_5": 992.8849487304688,
            "std": 102.57643127441406
        },
        "2": {
            "max": 1193.1431884765625,
            "mean": 91.38609313964844,
            "median": 81.17990112304688,
            "min": 0.3250216841697693,
            "percentile_00_5": 18.39603614807129,
            "percentile_99_5": 778.589599609375,
            "std": 80.37003326416016
        },
        "3": {
            "max": 709.135009765625,
            "mean": 249.99417114257812,
            "median": 252.59104919433594,
            "min": 0.18024106323719025,
            "percentile_00_5": 49.78506088256836,
            "percentile_99_5": 438.50341796875,
            "std": 66.26053619384766
        },
        "4": {
            "max": 1877.02587890625,
            "mean": 110.42361450195312,
            "median": 38.046051025390625,
            "min": 4.0235748291015625,
            "percentile_00_5": 8.580612182617188,
            "percentile_99_5": 690.7913208007812,
            "std": 144.51866149902344
        },
        "5": {
            "max": 4095.0,
            "mean": 1535.79443359375,
            "median": 1510.547119140625,
            "min": 0.0,
            "percentile_00_5": 8.739675649849232e-13,
            "percentile_99_5": 3630.7978515625,
            "std": 736.5648803710938
        }
    },
    "median_relative_size_after_cropping": 0.9286336096938776,
    "shapes_after_crop": [
        [
            29,
            515,
            559
        ],
        [
            29,
            515,
            558
        ],
        [
            29,
            515,
            560
        ],
        [
            29,
            524,
            560
        ],
        [
            29,
            511,
            560
        ],
        [
            29,
            512,
            560
        ],
        [
            29,
            510,
            560
        ],
        [
            29,
            521,
            559
        ],
        [
            29,
            522,
            560
        ],
        [
            29,
            519,
            560
        ],
        [
            29,
            524,
            560
        ],
        [
            29,
            517,
            560
        ],
        [
            29,
            536,
            560
        ],
        [
            29,
            510,
            560
        ],
        [
            29,
            523,
            560
        ],
        [
            29,
            527,
            560
        ],
        [
            29,
            528,
            560
        ],
        [
            29,
            530,
            560
        ],
        [
            29,
            531,
            559
        ],
        [
            29,
            526,
            558
        ],
        [
            29,
            518,
            559
        ],
        [
            29,
            515,
            560
        ],
        [
            29,
            508,
            559
        ],
        [
            29,
            522,
            557
        ],
        [
            29,
            533,
            560
        ],
        [
            29,
            507,
            559
        ],
        [
            29,
            516,
            560
        ],
        [
            29,
            513,
            560
        ],
        [
            29,
            537,
            559
        ],
        [
            29,
            516,
            558
        ],
        [
            29,
            509,
            558
        ],
        [
            29,
            524,
            560
        ],
        [
            29,
            531,
            559
        ],
        [
            29,
            532,
            560
        ],
        [
            29,
            520,
            559
        ],
        [
            29,
            532,
            560
        ],
        [
            29,
            530,
            558
        ],
        [
            29,
            514,
            560
        ],
        [
            29,
            530,
            559
        ],
        [
            29,
            520,
            560
        ],
        [
            29,
            510,
            559
        ],
        [
            29,
            515,
            560
        ],
        [
            29,
            524,
            560
        ],
        [
            29,
            522,
            560
        ],
        [
            29,
            552,
            558
        ],
        [
            29,
            520,
            560
        ],
        [
            29,
            521,
            560
        ],
        [
            29,
            532,
            560
        ],
        [
            29,
            518,
            560
        ],
        [
            29,
            520,
            560
        ],
        [
            29,
            530,
            560
        ],
        [
            29,
            550,
            560
        ],
        [
            29,
            508,
            558
        ],
        [
            29,
            512,
            560
        ],
        [
            29,
            532,
            560
        ],
        [
            29,
            514,
            560
        ],
        [
            29,
            532,
            559
        ],
        [
            29,
            532,
            558
        ],
        [
            29,
            521,
            558
        ],
        [
            29,
            510,
            559
        ],
        [
            29,
            525,
            560
        ],
        [
            29,
            508,
            558
        ],
        [
            29,
            532,
            560
        ],
        [
            29,
            536,
            558
        ],
        [
            29,
            517,
            560
        ],
        [
            29,
            536,
            560
        ],
        [
            29,
            522,
            560
        ],
        [
            29,
            519,
            558
        ],
        [
            29,
            516,
            560
        ],
        [
            29,
            514,
            560
        ],
        [
            29,
            511,
            560
        ],
        [
            29,
            534,
            558
        ],
        [
            29,
            532,
            558
        ],
        [
            29,
            513,
            560
        ],
        [
            29,
            528,
            559
        ],
        [
            29,
            509,
            558
        ],
        [
            29,
            524,
            558
        ],
        [
            29,
            530,
            559
        ]
    ],