{
    "foreground_mean": {
        "ASSD": 1.7371487534703092,
        "Dice": 0.6966484783313307,
        "FN": 3720.4375,
        "FP": 7036.5,
        "HD95": 9.104227526454014,
        "IoU": 0.550659822926049,
        "TN": 9067865.875,
        "TP": 15777.1875,
        "n_pred": 22813.6875,
        "n_ref": 19497.625
    },
    "mean": {
        "1": {
            "ASSD": 1.7371487534703092,
            "Dice": 0.6966484783313307,
            "FN": 3720.4375,
            "FP": 7036.5,
            "HD95": 9.104227526454014,
            "IoU": 0.550659822926049,
            "TN": 9067865.875,
            "TP": 15777.1875,
            "n_pred": 22813.6875,
            "n_ref": 19497.625
        }
    },
    "metric_per_case": [
        {
            "metrics": {
                "1": {
                    "ASSD": 0.20506427925869025,
                    "Dice": 0.8566492829204694,
                    "FN": 2587,
                    "FP": 1811,
                    "HD95": 1.0,
                    "IoU": 0.7492445407377843,
                    "TN": 9076861,
                    "TP": 13141,
                    "n_pred": 14952,
                    "n_ref": 15728
                }
            },
            "prediction_file": "/home/rth/jdekok/my-scratch/nnunetv2/nnUNet/predictions_black_trained_combos/744/000.nii.gz",
            "reference_file": "/home/rth/jdekok/my-scratch/nnunetv2/nnUNet/nnUNet_raw/Dataset520_NeckTumour/labelsTs/000.nii.gz"
        },
        {
            "metrics": {
                "1": {
                    "ASSD": 0.921253929846016,
                    "Dice": 0.6510640584694755,
                    "FN": 1732,
                    "FP": 11254,
                    "HD95": 5.0,
                    "IoU": 0.4826500936217681,
                    "TN": 9069299,
                    "TP": 12115,
                    "n_pred": 23369,
                    "n_ref": 13847
                }
            },
            "prediction_file": "/home/rth/jdekok/my-scratch/nnunetv2/nnUNet/predictions_black_trained_combos/744/001.nii.gz",
            "reference_file": "/home/rth/jdekok/my-scratch/nnunetv2/nnUNet/nnUNet_raw/Dataset520_NeckTumour/labelsTs/001.nii.gz"
        },
        {
            "metrics": {
                "1": {
                    "ASSD": 0.27846801313363634,
                    "Dice": 0.83807095814744,
                    "FN": 1994,
                    "FP": 5628,
                    "HD95": 1.7320508075688772,
                    "IoU": 0.7212755064726103,
                    "TN": 9067054,
                    "TP": 19724,
                    "n_pred": 25352,
                    "n_ref": 21718
                }
            },
            "prediction_file": "/home/rth/jdekok/my-scratch/nnunetv2/nnUNet/predictions_black_trained_combos/744/002.nii.gz",
            "reference_file": "/home/rth/jdekok/my-scratch/nnunetv2/nnUNet/nnUNet_raw/Dataset520_NeckTumour/labelsTs/002.nii.gz"
        },
        {
            "metrics": {
                "1": {
                    "ASSD": 0.3231158732305706,
                    "Dice": 0.8411834695010708,
                    "FN": 1162,
                    "FP": 8849,
                    "HD95": 1.7320508075688772,
                    "IoU": 0.7258987487336747,
                    "TN": 9057877,
                    "TP": 26512,
                    "n_pred": 35361,
                    "n_ref": 27674
                }
            },
            "prediction_file": "/home/rth/jdekok/my-scratch/nnunetv2/nnUNet/predictions_black_trained_combos/744/003.nii.gz",
            "reference_file": "/home/rth/jdekok/my-scratch/nnunetv2/nnUNet/nnUNet_raw/Dataset520_NeckTumour/labelsTs/003.nii.gz"
        },
        {
            "metrics": {
                "1": {
                    "ASSD": 0.8948493173012708,
                    "Dice": 0.6557877622238966,
                    "FN": 2860,
                    "FP": 14500,
                    "HD95": 4.0,
                    "IoU": 0.4878602826208809,
                    "TN": 9060503,
                    "TP": 16537,
                    "n_pred": 31037,
                    "n_ref": 19397
                }
            },
            "prediction_file": "/home/rth/jdekok/my-scratch/nnunetv2/nnUNet/predictions_black_trained_combos/744/004.nii.gz",
            "reference_file": "/home/rth/jdekok/my-scratch/nnunetv2/nnUNet/nnUNet_raw/Dataset520_NeckTumour/labelsTs/004.nii.gz"
        },
        {
            "metrics": {
                "1": {
                    "ASSD": 0.2452172909364465,
                    "Dice": 0.811196007306218,
                    "FN": 1697,
                    "FP": 5642,
                    "HD95": 1.4142135623730951,
                    "IoU": 0.6823631248647479,
                    "TN": 9071295,
                    "TP": 15766,
                    "n_pred": 21408,
                    "n_ref": 17463
                }
            },
            "prediction_file": "/home/rth/jdekok/my-scratch/nnunetv2/nnUNet/predictions_black_trained_combos/744/005.nii.gz",
            "reference_file": "/home/rth/jdekok/my-scratch/nnunetv2/nnUNet/nnUNet_raw/Dataset520_NeckTumour/labelsTs/005.nii.gz"
        },
        {
            "metrics": {
                "1": {
                    "ASSD": 0.6003130942715497,
                    "Dice": 0.7727483989352392,
                    "FN": 27764,
                    "FP": 9885,
                    "HD95": 3.0,
                    "IoU": 0.6296576824709817,
                    "TN": 8992740,
                    "TP": 64011,
                    "n_pred": 73896,
                    "n_ref": 91775
                }
            },
            "prediction_file": "/home/rth/jdekok/my-scratch/nnunetv2/nnUNet/predictions_black_trained_combos/744/006.nii.gz",
            "reference_file": "/home/rth/jdekok/my-scratch/nnunetv2/nnUNet/nnUNet_raw/Dataset520_NeckTumour/labelsTs/006.nii.gz"
        },
        {
            "metrics": {
                "1": {
                    "ASSD": 4.0866975035438085,
                    "Dice": 0.4850976361767729,
                    "FN": 1216,
                    "FP": 3293,
                    "HD95": 19.209372712298546,
                    "IoU": 0.3202170963364993,
                    "TN": 9087767,
                    "TP": 2124,
                    "n_pred": 5417,
                    "n_ref": 3340
                }
            },
            "prediction_file": "/home/rth/jdekok/my-scratch/nnunetv2/nnUNet/predictions_black_trained_combos/744/007.nii.gz",
            "reference_file": "/home/rth/jdekok/my-scratch/nnunetv2/nnUNet/nnUNet_raw/Dataset520_NeckTumour/labelsTs/007.nii.gz"
        },
        {
            "metrics": {
                "1": {
                    "ASSD": 3.859662952200871,
                    "Dice": 0.5719420150952438,
                    "FN": 2324,
                    "FP": 1249,
                    "HD95": 20.248456731316587,
                    "IoU": 0.40050335570469797,
                    "TN": 9088440,
                    "TP": 2387,
                    "n_pred": 3636,
                    "n_ref": 4711
                }
            },
            "prediction_file": "/home/rth/jdekok/my-scratch/nnunetv2/nnUNet/predictions_black_trained_combos/744/008.nii.gz",
            "reference_file": "/home/rth/jdekok/my-scratch/nnunetv2/nnUNet/nnUNet_raw/Dataset520_NeckTumour/labelsTs/008.nii.gz"
        },
        {
            "metrics": {
                "1": {
                    "ASSD": 7.200958791417564,
                    "Dice": 0.5598175747210685,
                    "FN": 3508,
                    "FP": 7302,
                    "HD95": 36.58073230795177,
                    "IoU": 0.38871296086858176,
                    "TN": 9076716,
                    "TP": 6874,
                    "n_pred": 14176,
                    "n_ref": 10382
                }
            },