{
    "foreground_mean": {
        "ASSD": 1.0760790538100173,
        "Dice": 0.7158223241522026,
        "FN": 3720.4375,
        "FP": 6540.4375,
        "HD95": 6.333111436352947,
        "IoU": 0.5706275798298895,
        "TN": 9068361.9375,
        "TP": 15777.1875,
        "n_pred": 22317.625,
        "n_ref": 19497.625
    },
    "mean": {
        "1": {
            "ASSD": 1.0760790538100173,
            "Dice": 0.7158223241522026,
            "FN": 3720.4375,
            "FP": 6540.4375,
            "HD95": 6.333111436352947,
            "IoU": 0.5706275798298895,
            "TN": 9068361.9375,
            "TP": 15777.1875,
            "n_pred": 22317.625,
            "n_ref": 19497.625
        }
    },
    "metric_per_case": [
        {
            "metrics": {
                "1": {
                    "ASSD": 0.20506427925869025,
                    "Dice": 0.8566492829204694,
                    "FN": 2587,
                    "FP": 1811,
                    "HD95": 1.0,
                    "IoU": 0.7492445407377843,
                    "TN": 9076861,
                    "TP": 13141,
                    "n_pred": 14952,
                    "n_ref": 15728
                }
            },
            "prediction_file": "/home/rth/jdekok/my-scratch/nnunetv2/nnUNet/predictions_black_trained_combos/744_post/000.nii.gz",
            "reference_file": "/home/rth/jdekok/my-scratch/nnunetv2/nnUNet/nnUNet_raw/Dataset520_NeckTumour/labelsTs/000.nii.gz"
        },
        {
            "metrics": {
                "1": {
                    "ASSD": 0.921253929846016,
                    "Dice": 0.6510640584694755,
                    "FN": 1732,
                    "FP": 11254,
                    "HD95": 5.0,
                    "IoU": 0.4826500936217681,
                    "TN": 9069299,
                    "TP": 12115,
                    "n_pred": 23369,
                    "n_ref": 13847
                }
            },
            "prediction_file": "/home/rth/jdekok/my-scratch/nnunetv2/nnUNet/predictions_black_trained_combos/744_post/001.nii.gz",
            "reference_file": "/home/rth/jdekok/my-scratch/nnunetv2/nnUNet/nnUNet_raw/Dataset520_NeckTumour/labelsTs/001.nii.gz"
        },
        {
            "metrics": {
                "1": {
                    "ASSD": 0.27846801313363634,
                    "Dice": 0.83807095814744,
                    "FN": 1994,
                    "FP": 5628,
                    "HD95": 1.7320508075688772,
                    "IoU": 0.7212755064726103,
                    "TN": 9067054,
                    "TP": 19724,
                    "n_pred": 25352,
                    "n_ref": 21718
                }
            },
            "prediction_file": "/home/rth/jdekok/my-scratch/nnunetv2/nnUNet/predictions_black_trained_combos/744_post/002.nii.gz",
            "reference_file": "/home/rth/jdekok/my-scratch/nnunetv2/nnUNet/nnUNet_raw/Dataset520_NeckTumour/labelsTs/002.nii.gz"
        },
        {
            "metrics": {
                "1": {
                    "ASSD": 0.3231158732305706,
                    "Dice": 0.8411834695010708,
                    "FN": 1162,
                    "FP": 8849,
                    "HD95": 1.7320508075688772,
                    "IoU": 0.7258987487336747,
                    "TN": 9057877,
                    "TP": 26512,
                    "n_pred": 35361,
                    "n_ref": 27674
                }
            },
            "prediction_file": "/home/rth/jdekok/my-scratch/nnunetv2/nnUNet/predictions_black_trained_combos/744_post/003.nii.gz",
            "reference_file": "/home/rth/jdekok/my-scratch/nnunetv2/nnUNet/nnUNet_raw/Dataset520_NeckTumour/labelsTs/003.nii.gz"
        },
        {
            "metrics": {
                "1": {
                    "ASSD": 0.8948493173012708,
                    "Dice": 0.6557877622238966,
                    "FN": 2860,
                    "FP": 14500,
                    "HD95": 4.0,
                    "IoU": 0.4878602826208809,
                    "TN": 9060503,
                    "TP": 16537,
                    "n_pred": 31037,
                    "n_ref": 19397
                }
            },
            "prediction_file": "/home/rth/jdekok/my-scratch/nnunetv2/nnUNet/predictions_black_trained_combos/744_post/004.nii.gz",
            "reference_file": "/home/rth/jdekok/my-scratch/nnunetv2/nnUNet/nnUNet_raw/Dataset520_NeckTumour/labelsTs/004.nii.gz"
        },
        {
            "metrics": {
                "1": {
                    "ASSD": 0.2452172909364465,
                    "Dice": 0.811196007306218,
                    "FN": 1697,
                    "FP": 5642,
                    "HD95": 1.4142135623730951,
                    "IoU": 0.6823631248647479,
                    "TN": 9071295,
                    "TP": 15766,
                    "n_pred": 21408,
                    "n_ref": 17463
                }
            },
            "prediction_file": "/home/rth/jdekok/my-scratch/nnunetv2/nnUNet/predictions_black_trained_combos/744_post/005.nii.gz",
            "reference_file": "/home/rth/jdekok/my-scratch/nnunetv2/nnUNet/nnUNet_raw/Dataset520_NeckTumour/labelsTs/005.nii.gz"
        },
        {
            "metrics": {
                "1": {
                    "ASSD": 0.6003130942715497,
                    "Dice": 0.7727483989352392,
                    "FN": 27764,
                    "FP": 9885,
                    "HD95": 3.0,
                    "IoU": 0.6296576824709817,
                    "TN": 8992740,
                    "TP": 64011,
                    "n_pred": 73896,
                    "n_ref": 91775
                }
            },
            "prediction_file": "/home/rth/jdekok/my-scratch/nnunetv2/nnUNet/predictions_black_trained_combos/744_post/006.nii.gz",
            "reference_file": "/home/rth/jdekok/my-scratch/nnunetv2/nnUNet/nnUNet_raw/Dataset520_NeckTumour/labelsTs/006.nii.gz"
        },
        {
            "metrics": {
                "1": {
                    "ASSD": 1.7148299461733005,
                    "Dice": 0.549618320610687,
                    "FN": 1216,
                    "FP": 2265,
                    "HD95": 9.273618495495704,
                    "IoU": 0.37894736842105264,
                    "TN": 9088795,
                    "TP": 2124,
                    "n_pred": 4389,
                    "n_ref": 3340
                }
            },
            "prediction_file": "/home/rth/jdekok/my-scratch/nnunetv2/nnUNet/predictions_black_trained_combos/744_post/007.nii.gz",
            "reference_file": "/home/rth/jdekok/my-scratch/nnunetv2/nnUNet/nnUNet_raw/Dataset520_NeckTumour/labelsTs/007.nii.gz"
        },
        {
            "metrics": {
                "1": {
                    "ASSD": 2.4313998156016496,
                    "Dice": 0.6361092604930046,
                    "FN": 2324,
                    "FP": 407,
                    "HD95": 19.605950582555366,
                    "IoU": 0.4663931223134037,
                    "TN": 9089282,
                    "TP": 2387,
                    "n_pred": 2794,
                    "n_ref": 4711
                }
            },
            "prediction_file": "/home/rth/jdekok/my-scratch/nnunetv2/nnUNet/predictions_black_trained_combos/744_post/008.nii.gz",
            "reference_file": "/home/rth/jdekok/my-scratch/nnunetv2/nnUNet/nnUNet_raw/Dataset520_NeckTumour/labelsTs/008.nii.gz"
        },
        {
            "metrics": {
                "1": {
                    "ASSD": 0.6687022281299834,
                    "Dice": 0.7283708609271523,
                    "FN": 3508,
                    "FP": 1619,
                    "HD95": 3.3166247903554,
                    "IoU": 0.5727856011999,
                    "TN": 9082399,
                    "TP": 6874,
                    "n_pred": 8493,
                    "n_ref": 10382
                }
            },