{
    "foreground_mean": {
        "ASSD": 2.205817007244818,
        "Dice": 0.6768595195420071,
        "FN": 6350.75,
        "FP": 3106.4375,
        "HD95": 20.301618862188157,
        "IoU": 0.5333293367814705,
        "TN": 9071795.9375,
        "TP": 13146.875,
        "n_pred": 16253.3125,
        "n_ref": 19497.625
    },
    "mean": {
        "1": {
            "ASSD": 2.205817007244818,
            "Dice": 0.6768595195420071,
            "FN": 6350.75,
            "FP": 3106.4375,
            "HD95": 20.301618862188157,
            "IoU": 0.5333293367814705,
            "TN": 9071795.9375,
            "TP": 13146.875,
            "n_pred": 16253.3125,
            "n_ref": 19497.625
        }
    },
    "metric_per_case": [
        {
            "metrics": {
                "1": {
                    "ASSD": 0.23757293992438638,
                    "Dice": 0.84626801675517,
                    "FN": 2899,
                    "FP": 1762,
                    "HD95": 1.4142135623730951,
                    "IoU": 0.7335048599199543,
                    "TN": 9076910,
                    "TP": 12829,
                    "n_pred": 14591,
                    "n_ref": 15728
                }
            },
            "prediction_file": "/home/rth/jdekok/my-scratch/nnunetv2/nnUNet/predictions_black_trained_combos/745/000.nii.gz",
            "reference_file": "/home/rth/jdekok/my-scratch/nnunetv2/nnUNet/nnUNet_raw/Dataset520_NeckTumour/labelsTs/000.nii.gz"
        },
        {
            "metrics": {
                "1": {
                    "ASSD": 0.5893996951561886,
                    "Dice": 0.7018438603373872,
                    "FN": 4902,
                    "FP": 2698,
                    "HD95": 3.0,
                    "IoU": 0.5406467210637654,
                    "TN": 9077855,
                    "TP": 8945,
                    "n_pred": 11643,
                    "n_ref": 13847
                }
            },
            "prediction_file": "/home/rth/jdekok/my-scratch/nnunetv2/nnUNet/predictions_black_trained_combos/745/001.nii.gz",
            "reference_file": "/home/rth/jdekok/my-scratch/nnunetv2/nnUNet/nnUNet_raw/Dataset520_NeckTumour/labelsTs/001.nii.gz"
        },
        {
            "metrics": {
                "1": {
                    "ASSD": 0.3725982009199228,
                    "Dice": 0.8172436899709628,
                    "FN": 3424,
                    "FP": 4758,
                    "HD95": 2.0,
                    "IoU": 0.6909654026287959,
                    "TN": 9067924,
                    "TP": 18294,
                    "n_pred": 23052,
                    "n_ref": 21718
                }
            },
            "prediction_file": "/home/rth/jdekok/my-scratch/nnunetv2/nnUNet/predictions_black_trained_combos/745/002.nii.gz",
            "reference_file": "/home/rth/jdekok/my-scratch/nnunetv2/nnUNet/nnUNet_raw/Dataset520_NeckTumour/labelsTs/002.nii.gz"
        },
        {
            "metrics": {
                "1": {
                    "ASSD": 0.17385640708638053,
                    "Dice": 0.8644187691582174,
                    "FN": 3845,
                    "FP": 3630,
                    "HD95": 1.0,
                    "IoU": 0.7612126245847176,
                    "TN": 9063096,
                    "TP": 23829,
                    "n_pred": 27459,
                    "n_ref": 27674
                }
            },
            "prediction_file": "/home/rth/jdekok/my-scratch/nnunetv2/nnUNet/predictions_black_trained_combos/745/003.nii.gz",
            "reference_file": "/home/rth/jdekok/my-scratch/nnunetv2/nnUNet/nnUNet_raw/Dataset520_NeckTumour/labelsTs/003.nii.gz"
        },
        {
            "metrics": {
                "1": {
                    "ASSD": 1.9530809649772058,
                    "Dice": 0.5057444382728681,
                    "FN": 10747,
                    "FP": 6160,
                    "HD95": 9.539392014169456,
                    "IoU": 0.3384591305708808,
                    "TN": 9068843,
                    "TP": 8650,
                    "n_pred": 14810,
                    "n_ref": 19397
                }
            },
            "prediction_file": "/home/rth/jdekok/my-scratch/nnunetv2/nnUNet/predictions_black_trained_combos/745/004.nii.gz",
            "reference_file": "/home/rth/jdekok/my-scratch/nnunetv2/nnUNet/nnUNet_raw/Dataset520_NeckTumour/labelsTs/004.nii.gz"
        },
        {
            "metrics": {
                "1": {
                    "ASSD": 1.9736042593392438,
                    "Dice": 0.5733469566486644,
                    "FN": 9607,
                    "FP": 2085,
                    "HD95": 11.40175425099138,
                    "IoU": 0.40188254552895436,
                    "TN": 9074852,
                    "TP": 7856,
                    "n_pred": 9941,
                    "n_ref": 17463
                }
            },
            "prediction_file": "/home/rth/jdekok/my-scratch/nnunetv2/nnUNet/predictions_black_trained_combos/745/005.nii.gz",
            "reference_file": "/home/rth/jdekok/my-scratch/nnunetv2/nnUNet/nnUNet_raw/Dataset520_NeckTumour/labelsTs/005.nii.gz"
        },
        {
            "metrics": {
                "1": {
                    "ASSD": 0.983811541358865,
                    "Dice": 0.7449979405120012,
                    "FN": 32088,
                    "FP": 8772,
                    "HD95": 6.082762530298219,
                    "IoU": 0.5936228828309149,
                    "TN": 8993853,
                    "TP": 59687,
                    "n_pred": 68459,
                    "n_ref": 91775
                }
            },
            "prediction_file": "/home/rth/jdekok/my-scratch/nnunetv2/nnUNet/predictions_black_trained_combos/745/006.nii.gz",
            "reference_file": "/home/rth/jdekok/my-scratch/nnunetv2/nnUNet/nnUNet_raw/Dataset520_NeckTumour/labelsTs/006.nii.gz"
        },
        {
            "metrics": {
                "1": {
                    "ASSD": 12.655303433268584,
                    "Dice": 0.3160302657047334,
                    "FN": 2442,
                    "FP": 1445,
                    "HD95": 168.39833728395303,
                    "IoU": 0.1876698014629049,
                    "TN": 9089615,
                    "TP": 898,
                    "n_pred": 2343,
                    "n_ref": 3340
                }
            },
            "prediction_file": "/home/rth/jdekok/my-scratch/nnunetv2/nnUNet/predictions_black_trained_combos/745/007.nii.gz",
            "reference_file": "/home/rth/jdekok/my-scratch/nnunetv2/nnUNet/nnUNet_raw/Dataset520_NeckTumour/labelsTs/007.nii.gz"
        },
        {
            "metrics": {
                "1": {
                    "ASSD": 3.054119743435967,
                    "Dice": 0.6392706131078224,
                    "FN": 2292,
                    "FP": 438,
                    "HD95": 22.494443758403985,
                    "IoU": 0.46979996115750633,
                    "TN": 9089251,
                    "TP": 2419,
                    "n_pred": 2857,
                    "n_ref": 4711
                }
            },
            "prediction_file": "/home/rth/jdekok/my-scratch/nnunetv2/nnUNet/predictions_black_trained_combos/745/008.nii.gz",
            "reference_file": "/home/rth/jdekok/my-scratch/nnunetv2/nnUNet/nnUNet_raw/Dataset520_NeckTumour/labelsTs/008.nii.gz"
        },
        {
            "metrics": {
                "1": {
                    "ASSD": 4.243778677607,
                    "Dice": 0.49783701625160764,
                    "FN": 6124,
                    "FP": 2466,
                    "HD95": 22.891046284519195,
                    "IoU": 0.3314134495641345,
                    "TN": 9081552,
                    "TP": 4258,
                    "n_pred": 6724,
                    "n_ref": 10382
                }
            },