{
    "foreground_mean": {
        "ASSD": 0.8863378864378825,
        "Dice": 0.7185824629996396,
        "FN": 4301.875,
        "FP": 4681.25,
        "HD95": 5.068841884688038,
        "IoU": 0.5788578756607422,
        "TN": 9070221.125,
        "TP": 15195.75,
        "n_pred": 19877.0,
        "n_ref": 19497.625
    },
    "mean": {
        "1": {
            "ASSD": 0.8863378864378825,
            "Dice": 0.7185824629996396,
            "FN": 4301.875,
            "FP": 4681.25,
            "HD95": 5.068841884688038,
            "IoU": 0.5788578756607422,
            "TN": 9070221.125,
            "TP": 15195.75,
            "n_pred": 19877.0,
            "n_ref": 19497.625
        }
    },
    "metric_per_case": [
        {
            "metrics": {
                "1": {
                    "ASSD": 0.20506427925869025,
                    "Dice": 0.8566492829204694,
                    "FN": 2587,
                    "FP": 1811,
                    "HD95": 1.0,
                    "IoU": 0.7492445407377843,
                    "TN": 9076861,
                    "TP": 13141,
                    "n_pred": 14952,
                    "n_ref": 15728
                }
            },
            "prediction_file": "/home/rth/jdekok/my-scratch/nnunetv2/nnUNet/predictions_black_trained_combos/751_post/000.nii.gz",
            "reference_file": "/home/rth/jdekok/my-scratch/nnunetv2/nnUNet/nnUNet_raw/Dataset520_NeckTumour/labelsTs/000.nii.gz"
        },
        {
            "metrics": {
                "1": {
                    "ASSD": 0.5893996951561886,
                    "Dice": 0.7018438603373872,
                    "FN": 4902,
                    "FP": 2698,
                    "HD95": 3.0,
                    "IoU": 0.5406467210637654,
                    "TN": 9077855,
                    "TP": 8945,
                    "n_pred": 11643,
                    "n_ref": 13847
                }
            },
            "prediction_file": "/home/rth/jdekok/my-scratch/nnunetv2/nnUNet/predictions_black_trained_combos/751_post/001.nii.gz",
            "reference_file": "/home/rth/jdekok/my-scratch/nnunetv2/nnUNet/nnUNet_raw/Dataset520_NeckTumour/labelsTs/001.nii.gz"
        },
        {
            "metrics": {
                "1": {
                    "ASSD": 0.37250213881256933,
                    "Dice": 0.8172701078823346,
                    "FN": 3423,
                    "FP": 4758,
                    "HD95": 2.0,
                    "IoU": 0.6910031726846956,
                    "TN": 9067924,
                    "TP": 18295,
                    "n_pred": 23053,
                    "n_ref": 21718
                }
            },
            "prediction_file": "/home/rth/jdekok/my-scratch/nnunetv2/nnUNet/predictions_black_trained_combos/751_post/002.nii.gz",
            "reference_file": "/home/rth/jdekok/my-scratch/nnunetv2/nnUNet/nnUNet_raw/Dataset520_NeckTumour/labelsTs/002.nii.gz"
        },
        {
            "metrics": {
                "1": {
                    "ASSD": 0.3231158732305706,
                    "Dice": 0.8411834695010708,
                    "FN": 1162,
                    "FP": 8849,
                    "HD95": 1.7320508075688772,
                    "IoU": 0.7258987487336747,
                    "TN": 9057877,
                    "TP": 26512,
                    "n_pred": 35361,
                    "n_ref": 27674
                }
            },
            "prediction_file": "/home/rth/jdekok/my-scratch/nnunetv2/nnUNet/predictions_black_trained_combos/751_post/003.nii.gz",
            "reference_file": "/home/rth/jdekok/my-scratch/nnunetv2/nnUNet/nnUNet_raw/Dataset520_NeckTumour/labelsTs/003.nii.gz"
        },
        {
            "metrics": {
                "1": {
                    "ASSD": 0.894798373429246,
                    "Dice": 0.6558007653718795,
                    "FN": 2860,
                    "FP": 14499,
                    "HD95": 4.0,
                    "IoU": 0.4878746754779325,
                    "TN": 9060504,
                    "TP": 16537,
                    "n_pred": 31036,
                    "n_ref": 19397
                }
            },
            "prediction_file": "/home/rth/jdekok/my-scratch/nnunetv2/nnUNet/predictions_black_trained_combos/751_post/004.nii.gz",
            "reference_file": "/home/rth/jdekok/my-scratch/nnunetv2/nnUNet/nnUNet_raw/Dataset520_NeckTumour/labelsTs/004.nii.gz"
        },
        {
            "metrics": {
                "1": {
                    "ASSD": 0.19241859204110448,
                    "Dice": 0.8424602720932891,
                    "FN": 2725,
                    "FP": 2787,
                    "HD95": 1.0,
                    "IoU": 0.7278024691358025,
                    "TN": 9074150,
                    "TP": 14738,
                    "n_pred": 17525,
                    "n_ref": 17463
                }
            },
            "prediction_file": "/home/rth/jdekok/my-scratch/nnunetv2/nnUNet/predictions_black_trained_combos/751_post/005.nii.gz",
            "reference_file": "/home/rth/jdekok/my-scratch/nnunetv2/nnUNet/nnUNet_raw/Dataset520_NeckTumour/labelsTs/005.nii.gz"
        },
        {
            "metrics": {
                "1": {
                    "ASSD": 0.5113571378652113,
                    "Dice": 0.7856801039126768,
                    "FN": 22819,
                    "FP": 14801,
                    "HD95": 2.449489742783178,
                    "IoU": 0.6470124605915027,
                    "TN": 8987824,
                    "TP": 68956,
                    "n_pred": 83757,
                    "n_ref": 91775
                }
            },
            "prediction_file": "/home/rth/jdekok/my-scratch/nnunetv2/nnUNet/predictions_black_trained_combos/751_post/006.nii.gz",
            "reference_file": "/home/rth/jdekok/my-scratch/nnunetv2/nnUNet/nnUNet_raw/Dataset520_NeckTumour/labelsTs/006.nii.gz"
        },
        {
            "metrics": {
                "1": {
                    "ASSD": 2.634842161126492,
                    "Dice": 0.33507462686567163,
                    "FN": 2442,
                    "FP": 1122,
                    "HD95": 12.0,
                    "IoU": 0.20125504258180188,
                    "TN": 9089938,
                    "TP": 898,
                    "n_pred": 2020,
                    "n_ref": 3340
                }
            },
            "prediction_file": "/home/rth/jdekok/my-scratch/nnunetv2/nnUNet/predictions_black_trained_combos/751_post/007.nii.gz",
            "reference_file": "/home/rth/jdekok/my-scratch/nnunetv2/nnUNet/nnUNet_raw/Dataset520_NeckTumour/labelsTs/007.nii.gz"
        },
        {
            "metrics": {
                "1": {
                    "ASSD": 2.419263515007101,
                    "Dice": 0.6907374330186272,
                    "FN": 2004,
                    "FP": 420,
                    "HD95": 20.333452926121982,
                    "IoU": 0.5275774702786981,
                    "TN": 9089269,
                    "TP": 2707,
                    "n_pred": 3127,
                    "n_ref": 4711
                }
            },
            "prediction_file": "/home/rth/jdekok/my-scratch/nnunetv2/nnUNet/predictions_black_trained_combos/751_post/008.nii.gz",
            "reference_file": "/home/rth/jdekok/my-scratch/nnunetv2/nnUNet/nnUNet_raw/Dataset520_NeckTumour/labelsTs/008.nii.gz"
        },
        {
            "metrics": {
                "1": {
                    "ASSD": 0.6701229053585025,
                    "Dice": 0.7439871726349546,
                    "FN": 3422,
                    "FP": 1368,
                    "HD95": 3.7416573867739413,
                    "IoU": 0.5923404255319149,
                    "TN": 9082650,
                    "TP": 6960,
                    "n_pred": 8328,
                    "n_ref": 10382
                }
            },