{
    "foreground_mean": {
        "ASSD": 35.649508645850815,
        "Dice": 0.5362866512712243,
        "FN": 7617.0,
        "FP": 14350.0,
        "HD95": 87.9619136722304,
        "IoU": 0.41284222811756194,
        "TN": 9060552.375,
        "TP": 11880.625,
        "n_pred": 26230.625,
        "n_ref": 19497.625
    },
    "mean": {
        "1": {
            "ASSD": 35.649508645850815,
            "Dice": 0.5362866512712243,
            "FN": 7617.0,
            "FP": 14350.0,
            "HD95": 87.9619136722304,
            "IoU": 0.41284222811756194,
            "TN": 9060552.375,
            "TP": 11880.625,
            "n_pred": 26230.625,
            "n_ref": 19497.625
        }
    },
    "metric_per_case": [
        {
            "metrics": {
                "1": {
                    "ASSD": 2.7566212128873033,
                    "Dice": 0.857220675463019,
                    "FN": 1565,
                    "FP": 3153,
                    "HD95": 1.0,
                    "IoU": 0.75011916741698,
                    "TN": 9075519,
                    "TP": 14163,
                    "n_pred": 17316,
                    "n_ref": 15728
                }
            },
            "prediction_file": "/home/rth/jdekok/my-scratch/nnunetv2/nnUNet/predictions_black_trained_combos/754/000.nii.gz",
            "reference_file": "/home/rth/jdekok/my-scratch/nnunetv2/nnUNet/nnUNet_raw/Dataset520_NeckTumour/labelsTs/000.nii.gz"
        },
        {
            "metrics": {
                "1": {
                    "ASSD": 0.8676307015976149,
                    "Dice": 0.657994757536042,
                    "FN": 3806,
                    "FP": 6632,
                    "HD95": 4.47213595499958,
                    "IoU": 0.49030714390351093,
                    "TN": 9073921,
                    "TP": 10041,
                    "n_pred": 16673,
                    "n_ref": 13847
                }
            },
            "prediction_file": "/home/rth/jdekok/my-scratch/nnunetv2/nnUNet/predictions_black_trained_combos/754/001.nii.gz",
            "reference_file": "/home/rth/jdekok/my-scratch/nnunetv2/nnUNet/nnUNet_raw/Dataset520_NeckTumour/labelsTs/001.nii.gz"
        },
        {
            "metrics": {
                "1": {
                    "ASSD": 137.1009887668107,
                    "Dice": 0.0,
                    "FN": 21718,
                    "FP": 50640,
                    "HD95": 188.35684218102168,
                    "IoU": 0.0,
                    "TN": 9022042,
                    "TP": 0,
                    "n_pred": 50640,
                    "n_ref": 21718
                }
            },
            "prediction_file": "/home/rth/jdekok/my-scratch/nnunetv2/nnUNet/predictions_black_trained_combos/754/002.nii.gz",
            "reference_file": "/home/rth/jdekok/my-scratch/nnunetv2/nnUNet/nnUNet_raw/Dataset520_NeckTumour/labelsTs/002.nii.gz"
        },
        {
            "metrics": {
                "1": {
                    "ASSD": 28.261546706468867,
                    "Dice": 0.7350548168115847,
                    "FN": 5314,
                    "FP": 10805,
                    "HD95": 206.58920575919873,
                    "IoU": 0.5810961823332207,
                    "TN": 9055921,
                    "TP": 22360,
                    "n_pred": 33165,
                    "n_ref": 27674
                }
            },
            "prediction_file": "/home/rth/jdekok/my-scratch/nnunetv2/nnUNet/predictions_black_trained_combos/754/003.nii.gz",
            "reference_file": "/home/rth/jdekok/my-scratch/nnunetv2/nnUNet/nnUNet_raw/Dataset520_NeckTumour/labelsTs/003.nii.gz"
        },
        {
            "metrics": {
                "1": {
                    "ASSD": 0.9119600110401752,
                    "Dice": 0.6585950255507729,
                    "FN": 3867,
                    "FP": 12234,
                    "HD95": 4.47213595499958,
                    "IoU": 0.4909740444500648,
                    "TN": 9062769,
                    "TP": 15530,
                    "n_pred": 27764,
                    "n_ref": 19397
                }
            },
            "prediction_file": "/home/rth/jdekok/my-scratch/nnunetv2/nnUNet/predictions_black_trained_combos/754/004.nii.gz",
            "reference_file": "/home/rth/jdekok/my-scratch/nnunetv2/nnUNet/nnUNet_raw/Dataset520_NeckTumour/labelsTs/004.nii.gz"
        },
        {
            "metrics": {
                "1": {
                    "ASSD": 0.1921712810401547,
                    "Dice": 0.8424933550544457,
                    "FN": 2724,
                    "FP": 2787,
                    "HD95": 1.0,
                    "IoU": 0.7278518518518519,
                    "TN": 9074150,
                    "TP": 14739,
                    "n_pred": 17526,
                    "n_ref": 17463
                }
            },
            "prediction_file": "/home/rth/jdekok/my-scratch/nnunetv2/nnUNet/predictions_black_trained_combos/754/005.nii.gz",
            "reference_file": "/home/rth/jdekok/my-scratch/nnunetv2/nnUNet/nnUNet_raw/Dataset520_NeckTumour/labelsTs/005.nii.gz"
        },
        {
            "metrics": {
                "1": {
                    "ASSD": 0.7392534400481031,
                    "Dice": 0.721318912207817,
                    "FN": 31353,
                    "FP": 15335,
                    "HD95": 3.1622776601683795,
                    "IoU": 0.5641116609093455,
                    "TN": 8987290,
                    "TP": 60422,
                    "n_pred": 75757,
                    "n_ref": 91775
                }
            },
            "prediction_file": "/home/rth/jdekok/my-scratch/nnunetv2/nnUNet/predictions_black_trained_combos/754/006.nii.gz",
            "reference_file": "/home/rth/jdekok/my-scratch/nnunetv2/nnUNet/nnUNet_raw/Dataset520_NeckTumour/labelsTs/006.nii.gz"
        },
        {
            "metrics": {
                "1": {
                    "ASSD": 9.596544726768782,
                    "Dice": 0.47545068151839365,
                    "FN": 1718,
                    "FP": 1861,
                    "HD95": 23.564761923364813,
                    "IoU": 0.3118631032493751,
                    "TN": 9089199,
                    "TP": 1622,
                    "n_pred": 3483,
                    "n_ref": 3340
                }
            },
            "prediction_file": "/home/rth/jdekok/my-scratch/nnunetv2/nnUNet/predictions_black_trained_combos/754/007.nii.gz",
            "reference_file": "/home/rth/jdekok/my-scratch/nnunetv2/nnUNet/nnUNet_raw/Dataset520_NeckTumour/labelsTs/007.nii.gz"
        },
        {
            "metrics": {
                "1": {
                    "ASSD": 74.84841509825026,
                    "Dice": 0.21203155818540434,
                    "FN": 3636,
                    "FP": 4354,
                    "HD95": 214.4277267368742,
                    "IoU": 0.11858797573083288,
                    "TN": 9085335,
                    "TP": 1075,
                    "n_pred": 5429,
                    "n_ref": 4711
                }
            },
            "prediction_file": "/home/rth/jdekok/my-scratch/nnunetv2/nnUNet/predictions_black_trained_combos/754/008.nii.gz",
            "reference_file": "/home/rth/jdekok/my-scratch/nnunetv2/nnUNet/nnUNet_raw/Dataset520_NeckTumour/labelsTs/008.nii.gz"
        },
        {
            "metrics": {
                "1": {
                    "ASSD": 132.08506757423677,
                    "Dice": 0.0,
                    "FN": 10382,
                    "FP": 54607,
                    "HD95": 186.81006396872735,
                    "IoU": 0.0,
                    "TN": 9029411,
                    "TP": 0,
                    "n_pred": 54607,
                    "n_ref": 10382
                }
            },