{
    "foreground_mean": {
        "ASSD": 52.183827547799154,
        "Dice": 0.3986726560217946,
        "FN": 12417.3125,
        "FP": 17016.75,
        "HD95": 135.76647084131716,
        "IoU": 0.29193507612150293,
        "TN": 9057885.625,
        "TP": 7080.3125,
        "n_pred": 24097.0625,
        "n_ref": 19497.625
    },
    "mean": {
        "1": {
            "ASSD": 52.183827547799154,
            "Dice": 0.3986726560217946,
            "FN": 12417.3125,
            "FP": 17016.75,
            "HD95": 135.76647084131716,
            "IoU": 0.29193507612150293,
            "TN": 9057885.625,
            "TP": 7080.3125,
            "n_pred": 24097.0625,
            "n_ref": 19497.625
        }
    },
    "metric_per_case": [
        {
            "metrics": {
                "1": {
                    "ASSD": 103.86531216386064,
                    "Dice": 0.2075763692638945,
                    "FN": 9558,
                    "FP": 37550,
                    "HD95": 205.90434667227328,
                    "IoU": 0.11580765043732873,
                    "TN": 9041122,
                    "TP": 6170,
                    "n_pred": 43720,
                    "n_ref": 15728
                }
            },
            "prediction_file": "/home/rth/jdekok/my-scratch/nnunetv2/nnUNet/predictions_black_trained_combos/755/000.nii.gz",
            "reference_file": "/home/rth/jdekok/my-scratch/nnunetv2/nnUNet/nnUNet_raw/Dataset520_NeckTumour/labelsTs/000.nii.gz"
        },
        {
            "metrics": {
                "1": {
                    "ASSD": 0.8676307015976149,
                    "Dice": 0.657994757536042,
                    "FN": 3806,
                    "FP": 6632,
                    "HD95": 4.47213595499958,
                    "IoU": 0.49030714390351093,
                    "TN": 9073921,
                    "TP": 10041,
                    "n_pred": 16673,
                    "n_ref": 13847
                }
            },
            "prediction_file": "/home/rth/jdekok/my-scratch/nnunetv2/nnUNet/predictions_black_trained_combos/755/001.nii.gz",
            "reference_file": "/home/rth/jdekok/my-scratch/nnunetv2/nnUNet/nnUNet_raw/Dataset520_NeckTumour/labelsTs/001.nii.gz"
        },
        {
            "metrics": {
                "1": {
                    "ASSD": 137.1009887668107,
                    "Dice": 0.0,
                    "FN": 21718,
                    "FP": 50640,
                    "HD95": 188.35684218102168,
                    "IoU": 0.0,
                    "TN": 9022042,
                    "TP": 0,
                    "n_pred": 50640,
                    "n_ref": 21718
                }
            },
            "prediction_file": "/home/rth/jdekok/my-scratch/nnunetv2/nnUNet/predictions_black_trained_combos/755/002.nii.gz",
            "reference_file": "/home/rth/jdekok/my-scratch/nnunetv2/nnUNet/nnUNet_raw/Dataset520_NeckTumour/labelsTs/002.nii.gz"
        },
        {
            "metrics": {
                "1": {
                    "ASSD": 95.18179491255924,
                    "Dice": 0.49250187185795274,
                    "FN": 4652,
                    "FP": 42794,
                    "HD95": 287.4344273034305,
                    "IoU": 0.3267014815235284,
                    "TN": 9023932,
                    "TP": 23022,
                    "n_pred": 65816,
                    "n_ref": 27674
                }
            },
            "prediction_file": "/home/rth/jdekok/my-scratch/nnunetv2/nnUNet/predictions_black_trained_combos/755/003.nii.gz",
            "reference_file": "/home/rth/jdekok/my-scratch/nnunetv2/nnUNet/nnUNet_raw/Dataset520_NeckTumour/labelsTs/003.nii.gz"
        },
        {
            "metrics": {
                "1": {
                    "ASSD": 8.7030975129639,
                    "Dice": 0.14904744116548374,
                    "FN": 17801,
                    "FP": 423,
                    "HD95": 27.367864366808018,
                    "IoU": 0.08052472250252271,
                    "TN": 9074580,
                    "TP": 1596,
                    "n_pred": 2019,
                    "n_ref": 19397
                }
            },
            "prediction_file": "/home/rth/jdekok/my-scratch/nnunetv2/nnUNet/predictions_black_trained_combos/755/004.nii.gz",
            "reference_file": "/home/rth/jdekok/my-scratch/nnunetv2/nnUNet/nnUNet_raw/Dataset520_NeckTumour/labelsTs/004.nii.gz"
        },
        {
            "metrics": {
                "1": {
                    "ASSD": 0.1921712810401547,
                    "Dice": 0.8424933550544457,
                    "FN": 2724,
                    "FP": 2787,
                    "HD95": 1.0,
                    "IoU": 0.7278518518518519,
                    "TN": 9074150,
                    "TP": 14739,
                    "n_pred": 17526,
                    "n_ref": 17463
                }
            },
            "prediction_file": "/home/rth/jdekok/my-scratch/nnunetv2/nnUNet/predictions_black_trained_combos/755/005.nii.gz",
            "reference_file": "/home/rth/jdekok/my-scratch/nnunetv2/nnUNet/nnUNet_raw/Dataset520_NeckTumour/labelsTs/005.nii.gz"
        },
        {
            "metrics": {
                "1": {
                    "ASSD": 14.846964211854301,
                    "Dice": 0.20951935698487764,
                    "FN": 80123,
                    "FP": 7799,
                    "HD95": 141.48498153514387,
                    "IoU": 0.11701849880490892,
                    "TN": 8994826,
                    "TP": 11652,
                    "n_pred": 19451,
                    "n_ref": 91775
                }
            },
            "prediction_file": "/home/rth/jdekok/my-scratch/nnunetv2/nnUNet/predictions_black_trained_combos/755/006.nii.gz",
            "reference_file": "/home/rth/jdekok/my-scratch/nnunetv2/nnUNet/nnUNet_raw/Dataset520_NeckTumour/labelsTs/006.nii.gz"
        },
        {
            "metrics": {
                "1": {
                    "ASSD": 29.22981952380798,
                    "Dice": 0.46028767979987495,
                    "FN": 1868,
                    "FP": 1584,
                    "HD95": 240.02083199530264,
                    "IoU": 0.29894394800974816,
                    "TN": 9089476,
                    "TP": 1472,
                    "n_pred": 3056,
                    "n_ref": 3340
                }
            },
            "prediction_file": "/home/rth/jdekok/my-scratch/nnunetv2/nnUNet/predictions_black_trained_combos/755/007.nii.gz",
            "reference_file": "/home/rth/jdekok/my-scratch/nnunetv2/nnUNet/nnUNet_raw/Dataset520_NeckTumour/labelsTs/007.nii.gz"
        },
        {
            "metrics": {
                "1": {
                    "ASSD": 144.98343984312368,
                    "Dice": 0.0,
                    "FN": 4711,
                    "FP": 21438,
                    "HD95": 329.37850563280625,
                    "IoU": 0.0,
                    "TN": 9068251,
                    "TP": 0,
                    "n_pred": 21438,
                    "n_ref": 4711
                }
            },
            "prediction_file": "/home/rth/jdekok/my-scratch/nnunetv2/nnUNet/predictions_black_trained_combos/755/008.nii.gz",
            "reference_file": "/home/rth/jdekok/my-scratch/nnunetv2/nnUNet/nnUNet_raw/Dataset520_NeckTumour/labelsTs/008.nii.gz"
        },
        {
            "metrics": {
                "1": {
                    "ASSD": 132.08655524880882,
                    "Dice": 0.0,
                    "FN": 10382,
                    "FP": 54611,
                    "HD95": 186.81006396872735,
                    "IoU": 0.0,
                    "TN": 9029407,
                    "TP": 0,
                    "n_pred": 54611,
                    "n_ref": 10382
                }
            },