{
    "foreground_mean": {
        "ASSD": 57.47180594879161,
        "Dice": 0.4012554181638356,
        "FN": 13247.3125,
        "FP": 8858.4375,
        "HD95": 72.85113201988585,
        "IoU": 0.3099967042780562,
        "TN": 9066043.9375,
        "TP": 6250.3125,
        "n_pred": 15108.75,
        "n_ref": 19497.625
    },
    "mean": {
        "1": {
            "ASSD": 57.47180594879161,
            "Dice": 0.4012554181638356,
            "FN": 13247.3125,
            "FP": 8858.4375,
            "HD95": 72.85113201988585,
            "IoU": 0.3099967042780562,
            "TN": 9066043.9375,
            "TP": 6250.3125,
            "n_pred": 15108.75,
            "n_ref": 19497.625
        }
    },
    "metric_per_case": [
        {
            "metrics": {
                "1": {
                    "ASSD": 185.10501329184942,
                    "Dice": 0.0,
                    "FN": 15728,
                    "FP": 17004,
                    "HD95": 208.48980790436735,
                    "IoU": 0.0,
                    "TN": 9061668,
                    "TP": 0,
                    "n_pred": 17004,
                    "n_ref": 15728
                }
            },
            "prediction_file": "/home/rth/jdekok/my-scratch/nnunetv2/nnUNet/predictions_black_trained_combos/755_post/000.nii.gz",
            "reference_file": "/home/rth/jdekok/my-scratch/nnunetv2/nnUNet/nnUNet_raw/Dataset520_NeckTumour/labelsTs/000.nii.gz"
        },
        {
            "metrics": {
                "1": {
                    "ASSD": 0.8676307015976149,
                    "Dice": 0.657994757536042,
                    "FN": 3806,
                    "FP": 6632,
                    "HD95": 4.47213595499958,
                    "IoU": 0.49030714390351093,
                    "TN": 9073921,
                    "TP": 10041,
                    "n_pred": 16673,
                    "n_ref": 13847
                }
            },
            "prediction_file": "/home/rth/jdekok/my-scratch/nnunetv2/nnUNet/predictions_black_trained_combos/755_post/001.nii.gz",
            "reference_file": "/home/rth/jdekok/my-scratch/nnunetv2/nnUNet/nnUNet_raw/Dataset520_NeckTumour/labelsTs/001.nii.gz"
        },
        {
            "metrics": {
                "1": {
                    "ASSD": 153.2147484106875,
                    "Dice": 0.0,
                    "FN": 21718,
                    "FP": 32469,
                    "HD95": 189.84230294349408,
                    "IoU": 0.0,
                    "TN": 9040213,
                    "TP": 0,
                    "n_pred": 32469,
                    "n_ref": 21718
                }
            },
            "prediction_file": "/home/rth/jdekok/my-scratch/nnunetv2/nnUNet/predictions_black_trained_combos/755_post/002.nii.gz",
            "reference_file": "/home/rth/jdekok/my-scratch/nnunetv2/nnUNet/nnUNet_raw/Dataset520_NeckTumour/labelsTs/002.nii.gz"
        },
        {
            "metrics": {
                "1": {
                    "ASSD": 0.2595275354235201,
                    "Dice": 0.8167015502500976,
                    "FN": 4652,
                    "FP": 5682,
                    "HD95": 1.4142135623730951,
                    "IoU": 0.6901906703441659,
                    "TN": 9061044,
                    "TP": 23022,
                    "n_pred": 28704,
                    "n_ref": 27674
                }
            },
            "prediction_file": "/home/rth/jdekok/my-scratch/nnunetv2/nnUNet/predictions_black_trained_combos/755_post/003.nii.gz",
            "reference_file": "/home/rth/jdekok/my-scratch/nnunetv2/nnUNet/nnUNet_raw/Dataset520_NeckTumour/labelsTs/003.nii.gz"
        },
        {
            "metrics": {
                "1": {
                    "ASSD": 21.590193407800477,
                    "Dice": 0.099379488933405,
                    "FN": 18380,
                    "FP": 53,
                    "HD95": 59.413803110051795,
                    "IoU": 0.0522879177377892,
                    "TN": 9074950,
                    "TP": 1017,
                    "n_pred": 1070,
                    "n_ref": 19397
                }
            },
            "prediction_file": "/home/rth/jdekok/my-scratch/nnunetv2/nnUNet/predictions_black_trained_combos/755_post/004.nii.gz",
            "reference_file": "/home/rth/jdekok/my-scratch/nnunetv2/nnUNet/nnUNet_raw/Dataset520_NeckTumour/labelsTs/004.nii.gz"
        },
        {
            "metrics": {
                "1": {
                    "ASSD": 0.1921712810401547,
                    "Dice": 0.8424933550544457,
                    "FN": 2724,
                    "FP": 2787,
                    "HD95": 1.0,
                    "IoU": 0.7278518518518519,
                    "TN": 9074150,
                    "TP": 14739,
                    "n_pred": 17526,
                    "n_ref": 17463
                }
            },
            "prediction_file": "/home/rth/jdekok/my-scratch/nnunetv2/nnUNet/predictions_black_trained_combos/755_post/005.nii.gz",
            "reference_file": "/home/rth/jdekok/my-scratch/nnunetv2/nnUNet/nnUNet_raw/Dataset520_NeckTumour/labelsTs/005.nii.gz"
        },
        {
            "metrics": {
                "1": {
                    "ASSD": 5.378269827692396,
                    "Dice": 0.2185327062018135,
                    "FN": 80508,
                    "FP": 73,
                    "HD95": 17.72004514666935,
                    "IoU": 0.12267006358331156,
                    "TN": 9002552,
                    "TP": 11267,
                    "n_pred": 11340,
                    "n_ref": 91775
                }
            },
            "prediction_file": "/home/rth/jdekok/my-scratch/nnunetv2/nnUNet/predictions_black_trained_combos/755_post/006.nii.gz",
            "reference_file": "/home/rth/jdekok/my-scratch/nnunetv2/nnUNet/nnUNet_raw/Dataset520_NeckTumour/labelsTs/006.nii.gz"
        },
        {
            "metrics": {
                "1": {
                    "ASSD": 1.8138300259575866,
                    "Dice": 0.5435745937961596,
                    "FN": 1868,
                    "FP": 604,
                    "HD95": 8.631193422052307,
                    "IoU": 0.37322515212981744,
                    "TN": 9090456,
                    "TP": 1472,
                    "n_pred": 2076,
                    "n_ref": 3340
                }
            },
            "prediction_file": "/home/rth/jdekok/my-scratch/nnunetv2/nnUNet/predictions_black_trained_combos/755_post/007.nii.gz",
            "reference_file": "/home/rth/jdekok/my-scratch/nnunetv2/nnUNet/nnUNet_raw/Dataset520_NeckTumour/labelsTs/007.nii.gz"
        },
        {
            "metrics": {
                "1": {
                    "ASSD": 171.15942450629464,
                    "Dice": 0.0,
                    "FN": 4711,
                    "FP": 6408,
                    "HD95": 190.7312244759742,
                    "IoU": 0.0,
                    "TN": 9083281,
                    "TP": 0,
                    "n_pred": 6408,
                    "n_ref": 4711
                }
            },
            "prediction_file": "/home/rth/jdekok/my-scratch/nnunetv2/nnUNet/predictions_black_trained_combos/755_post/008.nii.gz",
            "reference_file": "/home/rth/jdekok/my-scratch/nnunetv2/nnUNet/nnUNet_raw/Dataset520_NeckTumour/labelsTs/008.nii.gz"
        },
        {
            "metrics": {
                "1": {
                    "ASSD": 149.90908626871064,
                    "Dice": 0.0,
                    "FN": 10382,
                    "FP": 40644,
                    "HD95": 188.71936815218805,
                    "IoU": 0.0,
                    "TN": 9043374,
                    "TP": 0,
                    "n_pred": 40644,
                    "n_ref": 10382
                }
            },