{
    "foreground_mean": {
        "ASSD": 11.876874009379,
        "Dice": 0.516829710743515,
        "FN": 11662.625,
        "FP": 1431.1875,
        "HD95": 21.441878589486535,
        "IoU": 0.3928003305802651,
        "TN": 9073471.1875,
        "TP": 7835.0,
        "n_pred": 9266.1875,
        "n_ref": 19497.625
    },
    "mean": {
        "1": {
            "ASSD": 11.876874009379,
            "Dice": 0.516829710743515,
            "FN": 11662.625,
            "FP": 1431.1875,
            "HD95": 21.441878589486535,
            "IoU": 0.3928003305802651,
            "TN": 9073471.1875,
            "TP": 7835.0,
            "n_pred": 9266.1875,
            "n_ref": 19497.625
        }
    },
    "metric_per_case": [
        {
            "metrics": {
                "1": {
                    "ASSD": 0.3984347730210168,
                    "Dice": 0.8331295403869668,
                    "FN": 4145,
                    "FP": 495,
                    "HD95": 2.23606797749979,
                    "IoU": 0.7139863157245886,
                    "TN": 9078177,
                    "TP": 11583,
                    "n_pred": 12078,
                    "n_ref": 15728
                }
            },
            "prediction_file": "/home/rth/jdekok/my-scratch/nnunetv2/nnUNet/predictions_black_combos/643_post/000.nii.gz",
            "reference_file": "/home/rth/jdekok/my-scratch/nnunetv2/nnUNet/nnUNet_raw/Dataset520_NeckTumour/labelsTsreal/000.nii.gz"
        },
        {
            "metrics": {
                "1": {
                    "ASSD": 4.830711346739445,
                    "Dice": 0.265885140612334,
                    "FN": 11715,
                    "FP": 58,
                    "HD95": 16.15549442140351,
                    "IoU": 0.15332614167565625,
                    "TN": 9080495,
                    "TP": 2132,
                    "n_pred": 2190,
                    "n_ref": 13847
                }
            },
            "prediction_file": "/home/rth/jdekok/my-scratch/nnunetv2/nnUNet/predictions_black_combos/643_post/001.nii.gz",
            "reference_file": "/home/rth/jdekok/my-scratch/nnunetv2/nnUNet/nnUNet_raw/Dataset520_NeckTumour/labelsTsreal/001.nii.gz"
        },
        {
            "metrics": {
                "1": {
                    "ASSD": 0.2220484780758838,
                    "Dice": 0.8561924384976293,
                    "FN": 4473,
                    "FP": 1320,
                    "HD95": 1.4142135623730951,
                    "IoU": 0.7485458807188125,
                    "TN": 9071362,
                    "TP": 17245,
                    "n_pred": 18565,
                    "n_ref": 21718
                }
            },
            "prediction_file": "/home/rth/jdekok/my-scratch/nnunetv2/nnUNet/predictions_black_combos/643_post/002.nii.gz",
            "reference_file": "/home/rth/jdekok/my-scratch/nnunetv2/nnUNet/nnUNet_raw/Dataset520_NeckTumour/labelsTsreal/002.nii.gz"
        },
        {
            "metrics": {
                "1": {
                    "ASSD": 0.6996206898537015,
                    "Dice": 0.7012728178647462,
                    "FN": 12192,
                    "FP": 998,
                    "HD95": 3.4641016151377544,
                    "IoU": 0.5399693080357143,
                    "TN": 9065728,
                    "TP": 15482,
                    "n_pred": 16480,
                    "n_ref": 27674
                }
            },
            "prediction_file": "/home/rth/jdekok/my-scratch/nnunetv2/nnUNet/predictions_black_combos/643_post/003.nii.gz",
            "reference_file": "/home/rth/jdekok/my-scratch/nnunetv2/nnUNet/nnUNet_raw/Dataset520_NeckTumour/labelsTsreal/003.nii.gz"
        },
        {
            "metrics": {
                "1": {
                    "ASSD": 2.409883275719065,
                    "Dice": 0.4803073967339097,
                    "FN": 12397,
                    "FP": 2751,
                    "HD95": 11.180339887498949,
                    "IoU": 0.31605562579013907,
                    "TN": 9072252,
                    "TP": 7000,
                    "n_pred": 9751,
                    "n_ref": 19397
                }
            },
            "prediction_file": "/home/rth/jdekok/my-scratch/nnunetv2/nnUNet/predictions_black_combos/643_post/004.nii.gz",
            "reference_file": "/home/rth/jdekok/my-scratch/nnunetv2/nnUNet/nnUNet_raw/Dataset520_NeckTumour/labelsTsreal/004.nii.gz"
        },
        {
            "metrics": {
                "1": {
                    "ASSD": 0.9896564087575933,
                    "Dice": 0.6094656278958026,
                    "FN": 8584,
                    "FP": 2795,
                    "HD95": 4.69041575982343,
                    "IoU": 0.43829598183433705,
                    "TN": 9074142,
                    "TP": 8879,
                    "n_pred": 11674,
                    "n_ref": 17463
                }
            },
            "prediction_file": "/home/rth/jdekok/my-scratch/nnunetv2/nnUNet/predictions_black_combos/643_post/005.nii.gz",
            "reference_file": "/home/rth/jdekok/my-scratch/nnunetv2/nnUNet/nnUNet_raw/Dataset520_NeckTumour/labelsTsreal/005.nii.gz"
        },
        {
            "metrics": {
                "1": {
                    "ASSD": 11.7105907459087,
                    "Dice": 0.20261874993942566,
                    "FN": 81322,
                    "FP": 951,
                    "HD95": 36.6742416417845,
                    "IoU": 0.11272997864676575,
                    "TN": 9001674,
                    "TP": 10453,
                    "n_pred": 11404,
                    "n_ref": 91775
                }
            },
            "prediction_file": "/home/rth/jdekok/my-scratch/nnunetv2/nnUNet/predictions_black_combos/643_post/006.nii.gz",
            "reference_file": "/home/rth/jdekok/my-scratch/nnunetv2/nnUNet/nnUNet_raw/Dataset520_NeckTumour/labelsTsreal/006.nii.gz"
        },
        {
            "metrics": {
                "1": {
                    "ASSD": 142.4381851944744,
                    "Dice": 0.0,
                    "FN": 3340,
                    "FP": 37,
                    "HD95": 170.7114524409825,
                    "IoU": 0.0,
                    "TN": 9091023,
                    "TP": 0,
                    "n_pred": 37,
                    "n_ref": 3340
                }
            },
            "prediction_file": "/home/rth/jdekok/my-scratch/nnunetv2/nnUNet/predictions_black_combos/643_post/007.nii.gz",
            "reference_file": "/home/rth/jdekok/my-scratch/nnunetv2/nnUNet/nnUNet_raw/Dataset520_NeckTumour/labelsTsreal/007.nii.gz"
        },
        {
            "metrics": {
                "1": {
                    "ASSD": 6.273616934686552,
                    "Dice": 0.22609021149167136,
                    "FN": 4107,
                    "FP": 28,
                    "HD95": 25.199206336708304,
                    "IoU": 0.12745304916649083,
                    "TN": 9089661,
                    "TP": 604,
                    "n_pred": 632,
                    "n_ref": 4711
                }
            },
            "prediction_file": "/home/rth/jdekok/my-scratch/nnunetv2/nnUNet/predictions_black_combos/643_post/008.nii.gz",
            "reference_file": "/home/rth/jdekok/my-scratch/nnunetv2/nnUNet/nnUNet_raw/Dataset520_NeckTumour/labelsTsreal/008.nii.gz"
        },
        {
            "metrics": {
                "1": {
                    "ASSD": 0.9376543379804697,
                    "Dice": 0.7068045726728361,
                    "FN": 3890,
                    "FP": 1496,
                    "HD95": 5.477225575051661,
                    "IoU": 0.5465566593702643,
                    "TN": 9082522,
                    "TP": 6492,
                    "n_pred": 7988,
                    "n_ref": 10382
                }
            },