{
    "foreground_mean": {
        "ASSD": 35.1097737462968,
        "Dice": 0.25350756052434825,
        "FN": 16301.625,
        "FP": 2216.375,
        "HD95": 51.15362685606945,
        "IoU": 0.16990006900391685,
        "TN": 9072686.0,
        "TP": 3196.0,
        "n_pred": 5412.375,
        "n_ref": 19497.625
    },
    "mean": {
        "1": {
            "ASSD": 35.1097737462968,
            "Dice": 0.25350756052434825,
            "FN": 16301.625,
            "FP": 2216.375,
            "HD95": 51.15362685606945,
            "IoU": 0.16990006900391685,
            "TN": 9072686.0,
            "TP": 3196.0,
            "n_pred": 5412.375,
            "n_ref": 19497.625
        }
    },
    "metric_per_case": [
        {
            "metrics": {
                "1": {
                    "ASSD": 0.4902818029471307,
                    "Dice": 0.7620557258092924,
                    "FN": 4911,
                    "FP": 1844,
                    "HD95": 3.0,
                    "IoU": 0.6155816071022081,
                    "TN": 9076828,
                    "TP": 10817,
                    "n_pred": 12661,
                    "n_ref": 15728
                }
            },
            "prediction_file": "/home/rth/jdekok/my-scratch/nnunetv2/nnUNet/predictions_black_combos/645_post/000.nii.gz",
            "reference_file": "/home/rth/jdekok/my-scratch/nnunetv2/nnUNet/nnUNet_raw/Dataset520_NeckTumour/labelsTsreal/000.nii.gz"
        },
        {
            "metrics": {
                "1": {
                    "ASSD": 3.137643705472545,
                    "Dice": 0.35140538633423496,
                    "FN": 10859,
                    "FP": 171,
                    "HD95": 11.74734012447073,
                    "IoU": 0.2131545156227707,
                    "TN": 9080382,
                    "TP": 2988,
                    "n_pred": 3159,
                    "n_ref": 13847
                }
            },
            "prediction_file": "/home/rth/jdekok/my-scratch/nnunetv2/nnUNet/predictions_black_combos/645_post/001.nii.gz",
            "reference_file": "/home/rth/jdekok/my-scratch/nnunetv2/nnUNet/nnUNet_raw/Dataset520_NeckTumour/labelsTsreal/001.nii.gz"
        },
        {
            "metrics": {
                "1": {
                    "ASSD": 13.062634377564745,
                    "Dice": 0.039714775701778136,
                    "FN": 21278,
                    "FP": 0,
                    "HD95": 28.653097563788805,
                    "IoU": 0.020259692421033246,
                    "TN": 9072682,
                    "TP": 440,
                    "n_pred": 440,
                    "n_ref": 21718
                }
            },
            "prediction_file": "/home/rth/jdekok/my-scratch/nnunetv2/nnUNet/predictions_black_combos/645_post/002.nii.gz",
            "reference_file": "/home/rth/jdekok/my-scratch/nnunetv2/nnUNet/nnUNet_raw/Dataset520_NeckTumour/labelsTsreal/002.nii.gz"
        },
        {
            "metrics": {
                "1": {
                    "ASSD": 12.871604137862597,
                    "Dice": 0.13609680910372873,
                    "FN": 25599,
                    "FP": 744,
                    "HD95": 38.01315561749642,
                    "IoU": 0.07301710183686395,
                    "TN": 9065982,
                    "TP": 2075,
                    "n_pred": 2819,
                    "n_ref": 27674
                }
            },
            "prediction_file": "/home/rth/jdekok/my-scratch/nnunetv2/nnUNet/predictions_black_combos/645_post/003.nii.gz",
            "reference_file": "/home/rth/jdekok/my-scratch/nnunetv2/nnUNet/nnUNet_raw/Dataset520_NeckTumour/labelsTsreal/003.nii.gz"
        },
        {
            "metrics": {
                "1": {
                    "ASSD": 5.954295912622325,
                    "Dice": 0.309224195382022,
                    "FN": 15453,
                    "FP": 2168,
                    "HD95": 22.320383466056324,
                    "IoU": 0.18288894041270579,
                    "TN": 9072835,
                    "TP": 3944,
                    "n_pred": 6112,
                    "n_ref": 19397
                }
            },
            "prediction_file": "/home/rth/jdekok/my-scratch/nnunetv2/nnUNet/predictions_black_combos/645_post/004.nii.gz",
            "reference_file": "/home/rth/jdekok/my-scratch/nnunetv2/nnUNet/nnUNet_raw/Dataset520_NeckTumour/labelsTsreal/004.nii.gz"
        },
        {
            "metrics": {
                "1": {
                    "ASSD": 17.085232224314407,
                    "Dice": 0.011387576154415532,
                    "FN": 17363,
                    "FP": 0,
                    "HD95": 30.822070014844883,
                    "IoU": 0.005726392945083892,
                    "TN": 9076937,
                    "TP": 100,
                    "n_pred": 100,
                    "n_ref": 17463
                }
            },
            "prediction_file": "/home/rth/jdekok/my-scratch/nnunetv2/nnUNet/predictions_black_combos/645_post/005.nii.gz",
            "reference_file": "/home/rth/jdekok/my-scratch/nnunetv2/nnUNet/nnUNet_raw/Dataset520_NeckTumour/labelsTsreal/005.nii.gz"
        },
        {
            "metrics": {
                "1": {
                    "ASSD": 12.663646644913225,
                    "Dice": 0.2141299818796694,
                    "FN": 80726,
                    "FP": 375,
                    "HD95": 40.607881008493905,
                    "IoU": 0.1199023331524688,
                    "TN": 9002250,
                    "TP": 11049,
                    "n_pred": 11424,
                    "n_ref": 91775
                }
            },
            "prediction_file": "/home/rth/jdekok/my-scratch/nnunetv2/nnUNet/predictions_black_combos/645_post/006.nii.gz",
            "reference_file": "/home/rth/jdekok/my-scratch/nnunetv2/nnUNet/nnUNet_raw/Dataset520_NeckTumour/labelsTsreal/006.nii.gz"
        },
        {
            "metrics": {
                "1": {
                    "ASSD": NaN,
                    "Dice": 0.0,
                    "FN": 3340,
                    "FP": 0,
                    "HD95": NaN,
                    "IoU": 0.0,
                    "TN": 9091060,
                    "TP": 0,
                    "n_pred": 0,
                    "n_ref": 3340
                }
            },
            "prediction_file": "/home/rth/jdekok/my-scratch/nnunetv2/nnUNet/predictions_black_combos/645_post/007.nii.gz",
            "reference_file": "/home/rth/jdekok/my-scratch/nnunetv2/nnUNet/nnUNet_raw/Dataset520_NeckTumour/labelsTsreal/007.nii.gz"
        },
        {
            "metrics": {
                "1": {
                    "ASSD": 3.9855918835867197,
                    "Dice": 0.33402850191171357,
                    "FN": 3750,
                    "FP": 82,
                    "HD95": 22.11334438749598,
                    "IoU": 0.20050073023158774,
                    "TN": 9089607,
                    "TP": 961,
                    "n_pred": 1043,
                    "n_ref": 4711
                }
            },
            "prediction_file": "/home/rth/jdekok/my-scratch/nnunetv2/nnUNet/predictions_black_combos/645_post/008.nii.gz",
            "reference_file": "/home/rth/jdekok/my-scratch/nnunetv2/nnUNet/nnUNet_raw/Dataset520_NeckTumour/labelsTsreal/008.nii.gz"
        },
        {
            "metrics": {
                "1": {
                    "ASSD": 6.441567178682465,
                    "Dice": 0.31399530883502735,
                    "FN": 8374,
                    "FP": 400,
                    "HD95": 23.280893453645632,
                    "IoU": 0.18623631979224634,
                    "TN": 9083618,
                    "TP": 2008,
                    "n_pred": 2408,
                    "n_ref": 10382
                }
            },