{
    "foreground_mean": {
        "ASSD": 94.14097536176526,
        "Dice": 0.2682491571782491,
        "FN": 11209.4375,
        "FP": 22773.125,
        "HD95": 115.54683572905017,
        "IoU": 0.2033272780641926,
        "TN": 9052129.25,
        "TP": 8288.1875,
        "n_pred": 31061.3125,
        "n_ref": 19497.625
    },
    "mean": {
        "1": {
            "ASSD": 94.14097536176526,
            "Dice": 0.2682491571782491,
            "FN": 11209.4375,
            "FP": 22773.125,
            "HD95": 115.54683572905017,
            "IoU": 0.2033272780641926,
            "TN": 9052129.25,
            "TP": 8288.1875,
            "n_pred": 31061.3125,
            "n_ref": 19497.625
        }
    },
    "metric_per_case": [
        {
            "metrics": {
                "1": {
                    "ASSD": 171.95959340549066,
                    "Dice": 0.0,
                    "FN": 15728,
                    "FP": 109231,
                    "HD95": 233.6193485137736,
                    "IoU": 0.0,
                    "TN": 8969441,
                    "TP": 0,
                    "n_pred": 109231,
                    "n_ref": 15728
                }
            },
            "prediction_file": "/home/rth/jdekok/my-scratch/nnunetv2/nnUNet/predictions_black_combos/656_post/000.nii.gz",
            "reference_file": "/home/rth/jdekok/my-scratch/nnunetv2/nnUNet/nnUNet_raw/Dataset520_NeckTumour/labelsTsreal/000.nii.gz"
        },
        {
            "metrics": {
                "1": {
                    "ASSD": 3.138009645368967,
                    "Dice": 0.3513084386945016,
                    "FN": 10860,
                    "FP": 171,
                    "HD95": 11.74734012447073,
                    "IoU": 0.21308317877015265,
                    "TN": 9080382,
                    "TP": 2987,
                    "n_pred": 3158,
                    "n_ref": 13847
                }
            },
            "prediction_file": "/home/rth/jdekok/my-scratch/nnunetv2/nnUNet/predictions_black_combos/656_post/001.nii.gz",
            "reference_file": "/home/rth/jdekok/my-scratch/nnunetv2/nnUNet/nnUNet_raw/Dataset520_NeckTumour/labelsTsreal/001.nii.gz"
        },
        {
            "metrics": {
                "1": {
                    "ASSD": 57.95960677177953,
                    "Dice": 0.0,
                    "FN": 21718,
                    "FP": 4315,
                    "HD95": 79.13279977354523,
                    "IoU": 0.0,
                    "TN": 9068367,
                    "TP": 0,
                    "n_pred": 4315,
                    "n_ref": 21718
                }
            },
            "prediction_file": "/home/rth/jdekok/my-scratch/nnunetv2/nnUNet/predictions_black_combos/656_post/002.nii.gz",
            "reference_file": "/home/rth/jdekok/my-scratch/nnunetv2/nnUNet/nnUNet_raw/Dataset520_NeckTumour/labelsTsreal/002.nii.gz"
        },
        {
            "metrics": {
                "1": {
                    "ASSD": 200.3500327190602,
                    "Dice": 0.0,
                    "FN": 27674,
                    "FP": 10931,
                    "HD95": 232.1098877687032,
                    "IoU": 0.0,
                    "TN": 9055795,
                    "TP": 0,
                    "n_pred": 10931,
                    "n_ref": 27674
                }
            },
            "prediction_file": "/home/rth/jdekok/my-scratch/nnunetv2/nnUNet/predictions_black_combos/656_post/003.nii.gz",
            "reference_file": "/home/rth/jdekok/my-scratch/nnunetv2/nnUNet/nnUNet_raw/Dataset520_NeckTumour/labelsTsreal/003.nii.gz"
        },
        {
            "metrics": {
                "1": {
                    "ASSD": 2.413776716092735,
                    "Dice": 0.5126129077549492,
                    "FN": 8444,
                    "FP": 12384,
                    "HD95": 11.180339887498949,
                    "IoU": 0.34463987917309086,
                    "TN": 9062619,
                    "TP": 10953,
                    "n_pred": 23337,
                    "n_ref": 19397
                }
            },
            "prediction_file": "/home/rth/jdekok/my-scratch/nnunetv2/nnUNet/predictions_black_combos/656_post/004.nii.gz",
            "reference_file": "/home/rth/jdekok/my-scratch/nnunetv2/nnUNet/nnUNet_raw/Dataset520_NeckTumour/labelsTsreal/004.nii.gz"
        },
        {
            "metrics": {
                "1": {
                    "ASSD": 0.24549332275886093,
                    "Dice": 0.8152113919858704,
                    "FN": 2693,
                    "FP": 4003,
                    "HD95": 1.4142135623730951,
                    "IoU": 0.6880648467343706,
                    "TN": 9072934,
                    "TP": 14770,
                    "n_pred": 18773,
                    "n_ref": 17463
                }
            },
            "prediction_file": "/home/rth/jdekok/my-scratch/nnunetv2/nnUNet/predictions_black_combos/656_post/005.nii.gz",
            "reference_file": "/home/rth/jdekok/my-scratch/nnunetv2/nnUNet/nnUNet_raw/Dataset520_NeckTumour/labelsTsreal/005.nii.gz"
        },
        {
            "metrics": {
                "1": {
                    "ASSD": 2.0440016342816154,
                    "Dice": 0.6623694762628128,
                    "FN": 19175,
                    "FP": 54838,
                    "HD95": 12.529964086141668,
                    "IoU": 0.4951811912995437,
                    "TN": 8947787,
                    "TP": 72600,
                    "n_pred": 127438,
                    "n_ref": 91775
                }
            },
            "prediction_file": "/home/rth/jdekok/my-scratch/nnunetv2/nnUNet/predictions_black_combos/656_post/006.nii.gz",
            "reference_file": "/home/rth/jdekok/my-scratch/nnunetv2/nnUNet/nnUNet_raw/Dataset520_NeckTumour/labelsTsreal/006.nii.gz"
        },
        {
            "metrics": {
                "1": {
                    "ASSD": 147.19306148058,
                    "Dice": 0.0,
                    "FN": 3340,
                    "FP": 111,
                    "HD95": 174.0316062299677,
                    "IoU": 0.0,
                    "TN": 9090949,
                    "TP": 0,
                    "n_pred": 111,
                    "n_ref": 3340
                }
            },
            "prediction_file": "/home/rth/jdekok/my-scratch/nnunetv2/nnUNet/predictions_black_combos/656_post/007.nii.gz",
            "reference_file": "/home/rth/jdekok/my-scratch/nnunetv2/nnUNet/nnUNet_raw/Dataset520_NeckTumour/labelsTsreal/007.nii.gz"
        },
        {
            "metrics": {
                "1": {
                    "ASSD": NaN,
                    "Dice": 0.0,
                    "FN": 4711,
                    "FP": 0,
                    "HD95": NaN,
                    "IoU": 0.0,
                    "TN": 9089689,
                    "TP": 0,
                    "n_pred": 0,
                    "n_ref": 4711
                }
            },
            "prediction_file": "/home/rth/jdekok/my-scratch/nnunetv2/nnUNet/predictions_black_combos/656_post/008.nii.gz",
            "reference_file": "/home/rth/jdekok/my-scratch/nnunetv2/nnUNet/nnUNet_raw/Dataset520_NeckTumour/labelsTsreal/008.nii.gz"
        },
        {
            "metrics": {
                "1": {
                    "ASSD": 131.21806619656752,
                    "Dice": 0.0,
                    "FN": 10382,
                    "FP": 151682,
                    "HD95": 193.03367581849545,
                    "IoU": 0.0,
                    "TN": 8932336,
                    "TP": 0,
                    "n_pred": 151682,
                    "n_ref": 10382
                }
            },
            "prediction_file": "/home/rth/jdekok/my-scratch/nnunetv2/nnUNet/predictions_black_combos/656_post/009.nii.gz",