{
    "foreground_mean": {
        "ASSD": 0.9307449924218827,
        "Dice": 0.7401763534687278,
        "FN": 4176.4375,
        "FP": 4350.875,
        "HD95": 5.698775340201376,
        "IoU": 0.5978506236063976,
        "TN": 9071565.6875,
        "TP": 14307.0,
        "n_pred": 18657.875,
        "n_ref": 18483.4375
    },
    "mean": {
        "1": {
            "ASSD": 0.9307449924218827,
            "Dice": 0.7401763534687278,
            "FN": 4176.4375,
            "FP": 4350.875,
            "HD95": 5.698775340201376,
            "IoU": 0.5978506236063976,
            "TN": 9071565.6875,
            "TP": 14307.0,
            "n_pred": 18657.875,
            "n_ref": 18483.4375
        }
    },
    "metric_per_case": [
        {
            "metrics": {
                "1": {
                    "ASSD": 0.13727705406442173,
                    "Dice": 0.8844298398937286,
                    "FN": 1896,
                    "FP": 1410,
                    "HD95": 1.0,
                    "IoU": 0.7928052143394334,
                    "TN": 9078444,
                    "TP": 12650,
                    "n_pred": 14060,
                    "n_ref": 14546
                }
            },
            "prediction_file": "/home/rth/jdekok/my-scratch/nnunetv2/nnUNet/fold_0_only/predictions_postprocessed/000.nii.gz",
            "reference_file": "/home/rth/jdekok/my-scratch/nnunetv2/nnUNet/nnUNet_raw/Dataset520_NeckTumour/labelsTs/000.nii.gz"
        },
        {
            "metrics": {
                "1": {
                    "ASSD": 0.8089147638390626,
                    "Dice": 0.6709204253758709,
                    "FN": 2968,
                    "FP": 6006,
                    "HD95": 4.47213595499958,
                    "IoU": 0.504800794614281,
                    "TN": 9076278,
                    "TP": 9148,
                    "n_pred": 15154,
                    "n_ref": 12116
                }
            },
            "prediction_file": "/home/rth/jdekok/my-scratch/nnunetv2/nnUNet/fold_0_only/predictions_postprocessed/001.nii.gz",
            "reference_file": "/home/rth/jdekok/my-scratch/nnunetv2/nnUNet/nnUNet_raw/Dataset520_NeckTumour/labelsTs/001.nii.gz"
        },
        {
            "metrics": {
                "1": {
                    "ASSD": 0.2739136487938357,
                    "Dice": 0.8305415270763539,
                    "FN": 2058,
                    "FP": 4720,
                    "HD95": 1.7320508075688772,
                    "IoU": 0.7101932615016248,
                    "TN": 9071012,
                    "TP": 16610,
                    "n_pred": 21330,
                    "n_ref": 18668
                }
            },
            "prediction_file": "/home/rth/jdekok/my-scratch/nnunetv2/nnUNet/fold_0_only/predictions_postprocessed/002.nii.gz",
            "reference_file": "/home/rth/jdekok/my-scratch/nnunetv2/nnUNet/nnUNet_raw/Dataset520_NeckTumour/labelsTs/002.nii.gz"
        },
        {
            "metrics": {
                "1": {
                    "ASSD": 0.23560566079460146,
                    "Dice": 0.8510881531035651,
                    "FN": 2541,
                    "FP": 4493,
                    "HD95": 1.4142135623730951,
                    "IoU": 0.7407775935139119,
                    "TN": 9067265,
                    "TP": 20101,
                    "n_pred": 24594,
                    "n_ref": 22642
                }
            },
            "prediction_file": "/home/rth/jdekok/my-scratch/nnunetv2/nnUNet/fold_0_only/predictions_postprocessed/003.nii.gz",
            "reference_file": "/home/rth/jdekok/my-scratch/nnunetv2/nnUNet/nnUNet_raw/Dataset520_NeckTumour/labelsTs/003.nii.gz"
        },
        {
            "metrics": {
                "1": {
                    "ASSD": 1.4254763230436673,
                    "Dice": 0.6256774520882821,
                    "FN": 3821,
                    "FP": 12410,
                    "HD95": 8.06225774829855,
                    "IoU": 0.4552624513357498,
                    "TN": 9064604,
                    "TP": 13565,
                    "n_pred": 25975,
                    "n_ref": 17386
                }
            },
            "prediction_file": "/home/rth/jdekok/my-scratch/nnunetv2/nnUNet/fold_0_only/predictions_postprocessed/004.nii.gz",
            "reference_file": "/home/rth/jdekok/my-scratch/nnunetv2/nnUNet/nnUNet_raw/Dataset520_NeckTumour/labelsTs/004.nii.gz"
        },
        {
            "metrics": {
                "1": {
                    "ASSD": 0.22328893047377532,
                    "Dice": 0.8373485306392655,
                    "FN": 2917,
                    "FP": 2734,
                    "HD95": 1.0,
                    "IoU": 0.7202059711838392,
                    "TN": 9074203,
                    "TP": 14546,
                    "n_pred": 17280,
                    "n_ref": 17463
                }
            },
            "prediction_file": "/home/rth/jdekok/my-scratch/nnunetv2/nnUNet/fold_0_only/predictions_postprocessed/005.nii.gz",
            "reference_file": "/home/rth/jdekok/my-scratch/nnunetv2/nnUNet/nnUNet_raw/Dataset520_NeckTumour/labelsTs/005.nii.gz"
        },
        {
            "metrics": {
                "1": {
                    "ASSD": 0.4733875035380337,
                    "Dice": 0.7790242015506483,
                    "FN": 20978,
                    "FP": 18439,
                    "HD95": 2.8284271247461903,
                    "IoU": 0.6380341056227444,
                    "TN": 8985503,
                    "TP": 69480,
                    "n_pred": 87919,
                    "n_ref": 90458
                }
            },
            "prediction_file": "/home/rth/jdekok/my-scratch/nnunetv2/nnUNet/fold_0_only/predictions_postprocessed/006.nii.gz",
            "reference_file": "/home/rth/jdekok/my-scratch/nnunetv2/nnUNet/nnUNet_raw/Dataset520_NeckTumour/labelsTs/006.nii.gz"
        },
        {
            "metrics": {
                "1": {
                    "ASSD": 2.108785467509969,
                    "Dice": 0.4969744803998948,
                    "FN": 1897,
                    "FP": 1927,
                    "HD95": 9.055385138137417,
                    "IoU": 0.3306493961141257,
                    "TN": 9088687,
                    "TP": 1889,
                    "n_pred": 3816,
                    "n_ref": 3786
                }
            },
            "prediction_file": "/home/rth/jdekok/my-scratch/nnunetv2/nnUNet/fold_0_only/predictions_postprocessed/007.nii.gz",
            "reference_file": "/home/rth/jdekok/my-scratch/nnunetv2/nnUNet/nnUNet_raw/Dataset520_NeckTumour/labelsTs/007.nii.gz"
        },
        {
            "metrics": {
                "1": {
                    "ASSD": 2.8792787205756634,
                    "Dice": 0.6490961777287153,
                    "FN": 2209,
                    "FP": 334,
                    "HD95": 22.02271554554524,
                    "IoU": 0.4804902962206333,
                    "TN": 9089505,
                    "TP": 2352,
                    "n_pred": 2686,
                    "n_ref": 4561
                }
            },
            "prediction_file": "/home/rth/jdekok/my-scratch/nnunetv2/nnUNet/fold_0_only/predictions_postprocessed/008.nii.gz",
            "reference_file": "/home/rth/jdekok/my-scratch/nnunetv2/nnUNet/nnUNet_raw/Dataset520_NeckTumour/labelsTs/008.nii.gz"
        },
        {
            "metrics": {
                "1": {
                    "ASSD": 0.973436787958148,
                    "Dice": 0.7073370903321115,
                    "FN": 4378,
                    "FP": 971,
                    "HD95": 5.385164807134504,
                    "IoU": 0.5471937695758909,
                    "TN": 9082587,
                    "TP": 6464,
                    "n_pred": 7435,
                    "n_ref": 10842
                }
            },