{
    "foreground_mean": {
        "ASSD": 5.399564166348713,
        "Dice": 0.6540254310940596,
        "FN": 7403.875,
        "FP": 3258.5,
        "HD95": 41.05681590241868,
        "IoU": 0.5096099703053057,
        "TN": 9071643.875,
        "TP": 12093.75,
        "n_pred": 15352.25,
        "n_ref": 19497.625
    },
    "mean": {
        "1": {
            "ASSD": 5.399564166348713,
            "Dice": 0.6540254310940596,
            "FN": 7403.875,
            "FP": 3258.5,
            "HD95": 41.05681590241868,
            "IoU": 0.5096099703053057,
            "TN": 9071643.875,
            "TP": 12093.75,
            "n_pred": 15352.25,
            "n_ref": 19497.625
        }
    },
    "metric_per_case": [
        {
            "metrics": {
                "1": {
                    "ASSD": 0.2816891984402763,
                    "Dice": 0.8704242127018601,
                    "FN": 3304,
                    "FP": 395,
                    "HD95": 1.0,
                    "IoU": 0.7705761954971159,
                    "TN": 9078277,
                    "TP": 12424,
                    "n_pred": 12819,
                    "n_ref": 15728
                }
            },
            "prediction_file": "/home/rth/jdekok/my-scratch/nnunetv2/nnUNet/predictions_black_trained_combos/748/000.nii.gz",
            "reference_file": "/home/rth/jdekok/my-scratch/nnunetv2/nnUNet/nnUNet_raw/Dataset520_NeckTumour/labelsTs/000.nii.gz"
        },
        {
            "metrics": {
                "1": {
                    "ASSD": 0.7477799577715355,
                    "Dice": 0.673067830514639,
                    "FN": 4594,
                    "FP": 4395,
                    "HD95": 4.0,
                    "IoU": 0.507236048678873,
                    "TN": 9076158,
                    "TP": 9253,
                    "n_pred": 13648,
                    "n_ref": 13847
                }
            },
            "prediction_file": "/home/rth/jdekok/my-scratch/nnunetv2/nnUNet/predictions_black_trained_combos/748/001.nii.gz",
            "reference_file": "/home/rth/jdekok/my-scratch/nnunetv2/nnUNet/nnUNet_raw/Dataset520_NeckTumour/labelsTs/001.nii.gz"
        },
        {
            "metrics": {
                "1": {
                    "ASSD": 0.6439782115731348,
                    "Dice": 0.8023711725168036,
                    "FN": 4528,
                    "FP": 3940,
                    "HD95": 2.23606797749979,
                    "IoU": 0.6699664821887911,
                    "TN": 9068742,
                    "TP": 17190,
                    "n_pred": 21130,
                    "n_ref": 21718
                }
            },
            "prediction_file": "/home/rth/jdekok/my-scratch/nnunetv2/nnUNet/predictions_black_trained_combos/748/002.nii.gz",
            "reference_file": "/home/rth/jdekok/my-scratch/nnunetv2/nnUNet/nnUNet_raw/Dataset520_NeckTumour/labelsTs/002.nii.gz"
        },
        {
            "metrics": {
                "1": {
                    "ASSD": 0.19480010304531775,
                    "Dice": 0.865726439906095,
                    "FN": 3151,
                    "FP": 4456,
                    "HD95": 1.0,
                    "IoU": 0.7632430750077809,
                    "TN": 9062270,
                    "TP": 24523,
                    "n_pred": 28979,
                    "n_ref": 27674
                }
            },
            "prediction_file": "/home/rth/jdekok/my-scratch/nnunetv2/nnUNet/predictions_black_trained_combos/748/003.nii.gz",
            "reference_file": "/home/rth/jdekok/my-scratch/nnunetv2/nnUNet/nnUNet_raw/Dataset520_NeckTumour/labelsTs/003.nii.gz"
        },
        {
            "metrics": {
                "1": {
                    "ASSD": 8.709844191245738,
                    "Dice": 0.14894709809964046,
                    "FN": 17802,
                    "FP": 425,
                    "HD95": 27.367864366808018,
                    "IoU": 0.0804661487236404,
                    "TN": 9074578,
                    "TP": 1595,
                    "n_pred": 2020,
                    "n_ref": 19397
                }
            },
            "prediction_file": "/home/rth/jdekok/my-scratch/nnunetv2/nnUNet/predictions_black_trained_combos/748/004.nii.gz",
            "reference_file": "/home/rth/jdekok/my-scratch/nnunetv2/nnUNet/nnUNet_raw/Dataset520_NeckTumour/labelsTs/004.nii.gz"
        },
        {
            "metrics": {
                "1": {
                    "ASSD": 0.25528371758228857,
                    "Dice": 0.8181818181818182,
                    "FN": 4026,
                    "FP": 1946,
                    "HD95": 1.0,
                    "IoU": 0.6923076923076923,
                    "TN": 9074991,
                    "TP": 13437,
                    "n_pred": 15383,
                    "n_ref": 17463
                }
            },
            "prediction_file": "/home/rth/jdekok/my-scratch/nnunetv2/nnUNet/predictions_black_trained_combos/748/005.nii.gz",
            "reference_file": "/home/rth/jdekok/my-scratch/nnunetv2/nnUNet/nnUNet_raw/Dataset520_NeckTumour/labelsTs/005.nii.gz"
        },
        {
            "metrics": {
                "1": {
                    "ASSD": 1.2726618102295153,
                    "Dice": 0.6693213203550265,
                    "FN": 41853,
                    "FP": 7475,
                    "HD95": 7.0,
                    "IoU": 0.502992443324937,
                    "TN": 8995150,
                    "TP": 49922,
                    "n_pred": 57397,
                    "n_ref": 91775
                }
            },
            "prediction_file": "/home/rth/jdekok/my-scratch/nnunetv2/nnUNet/predictions_black_trained_combos/748/006.nii.gz",
            "reference_file": "/home/rth/jdekok/my-scratch/nnunetv2/nnUNet/nnUNet_raw/Dataset520_NeckTumour/labelsTs/006.nii.gz"
        },
        {
            "metrics": {
                "1": {
                    "ASSD": 29.22981952380798,
                    "Dice": 0.46028767979987495,
                    "FN": 1868,
                    "FP": 1584,
                    "HD95": 240.02083199530264,
                    "IoU": 0.29894394800974816,
                    "TN": 9089476,
                    "TP": 1472,
                    "n_pred": 3056,
                    "n_ref": 3340
                }
            },
            "prediction_file": "/home/rth/jdekok/my-scratch/nnunetv2/nnUNet/predictions_black_trained_combos/748/007.nii.gz",
            "reference_file": "/home/rth/jdekok/my-scratch/nnunetv2/nnUNet/nnUNet_raw/Dataset520_NeckTumour/labelsTs/007.nii.gz"
        },
        {
            "metrics": {
                "1": {
                    "ASSD": 3.3105386468054943,
                    "Dice": 0.5577320841951575,
                    "FN": 2419,
                    "FP": 1216,
                    "HD95": 15.559559994305612,
                    "IoU": 0.3867049097351105,
                    "TN": 9088473,
                    "TP": 2292,
                    "n_pred": 3508,
                    "n_ref": 4711
                }
            },
            "prediction_file": "/home/rth/jdekok/my-scratch/nnunetv2/nnUNet/predictions_black_trained_combos/748/008.nii.gz",
            "reference_file": "/home/rth/jdekok/my-scratch/nnunetv2/nnUNet/nnUNet_raw/Dataset520_NeckTumour/labelsTs/008.nii.gz"
        },
        {
            "metrics": {
                "1": {
                    "ASSD": 1.5662815664878857,
                    "Dice": 0.68644020370474,
                    "FN": 4249,
                    "FP": 1354,
                    "HD95": 8.94427190999916,
                    "IoU": 0.5225800954328562,
                    "TN": 9082664,
                    "TP": 6133,
                    "n_pred": 7487,
                    "n_ref": 10382
                }
            },