{
    "foreground_mean": {
        "ASSD": 45.461643997940165,
        "Dice": 0.5270373380175928,
        "FN": 8066.5,
        "FP": 9650.5625,
        "HD95": 56.660241526558224,
        "IoU": 0.4178262167908685,
        "TN": 9065251.8125,
        "TP": 11431.125,
        "n_pred": 21081.6875,
        "n_ref": 19497.625
    },
    "mean": {
        "1": {
            "ASSD": 45.461643997940165,
            "Dice": 0.5270373380175928,
            "FN": 8066.5,
            "FP": 9650.5625,
            "HD95": 56.660241526558224,
            "IoU": 0.4178262167908685,
            "TN": 9065251.8125,
            "TP": 11431.125,
            "n_pred": 21081.6875,
            "n_ref": 19497.625
        }
    },
    "metric_per_case": [
        {
            "metrics": {
                "1": {
                    "ASSD": 0.18211716536479977,
                    "Dice": 0.8684428365576233,
                    "FN": 1565,
                    "FP": 2726,
                    "HD95": 1.0,
                    "IoU": 0.767475885986778,
                    "TN": 9075946,
                    "TP": 14163,
                    "n_pred": 16889,
                    "n_ref": 15728
                }
            },
            "prediction_file": "/home/rth/jdekok/my-scratch/nnunetv2/nnUNet/predictions_black_trained_combos/754_post/000.nii.gz",
            "reference_file": "/home/rth/jdekok/my-scratch/nnunetv2/nnUNet/nnUNet_raw/Dataset520_NeckTumour/labelsTs/000.nii.gz"
        },
        {
            "metrics": {
                "1": {
                    "ASSD": 0.8676307015976149,
                    "Dice": 0.657994757536042,
                    "FN": 3806,
                    "FP": 6632,
                    "HD95": 4.47213595499958,
                    "IoU": 0.49030714390351093,
                    "TN": 9073921,
                    "TP": 10041,
                    "n_pred": 16673,
                    "n_ref": 13847
                }
            },
            "prediction_file": "/home/rth/jdekok/my-scratch/nnunetv2/nnUNet/predictions_black_trained_combos/754_post/001.nii.gz",
            "reference_file": "/home/rth/jdekok/my-scratch/nnunetv2/nnUNet/nnUNet_raw/Dataset520_NeckTumour/labelsTs/001.nii.gz"
        },
        {
            "metrics": {
                "1": {
                    "ASSD": 153.2147484106875,
                    "Dice": 0.0,
                    "FN": 21718,
                    "FP": 32469,
                    "HD95": 189.84230294349408,
                    "IoU": 0.0,
                    "TN": 9040213,
                    "TP": 0,
                    "n_pred": 32469,
                    "n_ref": 21718
                }
            },
            "prediction_file": "/home/rth/jdekok/my-scratch/nnunetv2/nnUNet/predictions_black_trained_combos/754_post/002.nii.gz",
            "reference_file": "/home/rth/jdekok/my-scratch/nnunetv2/nnUNet/nnUNet_raw/Dataset520_NeckTumour/labelsTs/002.nii.gz"
        },
        {
            "metrics": {
                "1": {
                    "ASSD": 0.23842381618106867,
                    "Dice": 0.8493020605830406,
                    "FN": 5314,
                    "FP": 2621,
                    "HD95": 1.0,
                    "IoU": 0.7380755900313584,
                    "TN": 9064105,
                    "TP": 22360,
                    "n_pred": 24981,
                    "n_ref": 27674
                }
            },
            "prediction_file": "/home/rth/jdekok/my-scratch/nnunetv2/nnUNet/predictions_black_trained_combos/754_post/003.nii.gz",
            "reference_file": "/home/rth/jdekok/my-scratch/nnunetv2/nnUNet/nnUNet_raw/Dataset520_NeckTumour/labelsTs/003.nii.gz"
        },
        {
            "metrics": {
                "1": {
                    "ASSD": 0.9119600110401752,
                    "Dice": 0.6585950255507729,
                    "FN": 3867,
                    "FP": 12234,
                    "HD95": 4.47213595499958,
                    "IoU": 0.4909740444500648,
                    "TN": 9062769,
                    "TP": 15530,
                    "n_pred": 27764,
                    "n_ref": 19397
                }
            },
            "prediction_file": "/home/rth/jdekok/my-scratch/nnunetv2/nnUNet/predictions_black_trained_combos/754_post/004.nii.gz",
            "reference_file": "/home/rth/jdekok/my-scratch/nnunetv2/nnUNet/nnUNet_raw/Dataset520_NeckTumour/labelsTs/004.nii.gz"
        },
        {
            "metrics": {
                "1": {
                    "ASSD": 0.1921712810401547,
                    "Dice": 0.8424933550544457,
                    "FN": 2724,
                    "FP": 2787,
                    "HD95": 1.0,
                    "IoU": 0.7278518518518519,
                    "TN": 9074150,
                    "TP": 14739,
                    "n_pred": 17526,
                    "n_ref": 17463
                }
            },
            "prediction_file": "/home/rth/jdekok/my-scratch/nnunetv2/nnUNet/predictions_black_trained_combos/754_post/005.nii.gz",
            "reference_file": "/home/rth/jdekok/my-scratch/nnunetv2/nnUNet/nnUNet_raw/Dataset520_NeckTumour/labelsTs/005.nii.gz"
        },
        {
            "metrics": {
                "1": {
                    "ASSD": 0.7392534400481031,
                    "Dice": 0.721318912207817,
                    "FN": 31353,
                    "FP": 15335,
                    "HD95": 3.1622776601683795,
                    "IoU": 0.5641116609093455,
                    "TN": 8987290,
                    "TP": 60422,
                    "n_pred": 75757,
                    "n_ref": 91775
                }
            },
            "prediction_file": "/home/rth/jdekok/my-scratch/nnunetv2/nnUNet/predictions_black_trained_combos/754_post/006.nii.gz",
            "reference_file": "/home/rth/jdekok/my-scratch/nnunetv2/nnUNet/nnUNet_raw/Dataset520_NeckTumour/labelsTs/006.nii.gz"
        },
        {
            "metrics": {
                "1": {
                    "ASSD": 1.55679722743165,
                    "Dice": 0.5271368215794605,
                    "FN": 1718,
                    "FP": 1192,
                    "HD95": 7.874007874011811,
                    "IoU": 0.35789938217122685,
                    "TN": 9089868,
                    "TP": 1622,
                    "n_pred": 2814,
                    "n_ref": 3340
                }
            },
            "prediction_file": "/home/rth/jdekok/my-scratch/nnunetv2/nnUNet/predictions_black_trained_combos/754_post/007.nii.gz",
            "reference_file": "/home/rth/jdekok/my-scratch/nnunetv2/nnUNet/nnUNet_raw/Dataset520_NeckTumour/labelsTs/007.nii.gz"
        },
        {
            "metrics": {
                "1": {
                    "ASSD": 190.52877521800795,
                    "Dice": 0.0,
                    "FN": 4711,
                    "FP": 2070,
                    "HD95": 212.30402728163213,
                    "IoU": 0.0,
                    "TN": 9087619,
                    "TP": 0,
                    "n_pred": 2070,
                    "n_ref": 4711
                }
            },
            "prediction_file": "/home/rth/jdekok/my-scratch/nnunetv2/nnUNet/predictions_black_trained_combos/754_post/008.nii.gz",
            "reference_file": "/home/rth/jdekok/my-scratch/nnunetv2/nnUNet/nnUNet_raw/Dataset520_NeckTumour/labelsTs/008.nii.gz"
        },
        {
            "metrics": {
                "1": {
                    "ASSD": 149.9091620191013,
                    "Dice": 0.0,
                    "FN": 10382,
                    "FP": 40642,
                    "HD95": 188.7214877609795,
                    "IoU": 0.0,
                    "TN": 9043376,
                    "TP": 0,
                    "n_pred": 40642,
                    "n_ref": 10382
                }
            },