{
    "foreground_mean": {
        "ASSD": 51.19682064378158,
        "Dice": 0.33972262050434343,
        "FN": 12704.75,
        "FP": 15774.75,
        "HD95": 117.6992429828265,
        "IoU": 0.25259913676919377,
        "TN": 9059127.625,
        "TP": 6792.875,
        "n_pred": 22567.625,
        "n_ref": 19497.625
    },
    "mean": {
        "1": {
            "ASSD": 51.19682064378158,
            "Dice": 0.33972262050434343,
            "FN": 12704.75,
            "FP": 15774.75,
            "HD95": 117.6992429828265,
            "IoU": 0.25259913676919377,
            "TN": 9059127.625,
            "TP": 6792.875,
            "n_pred": 22567.625,
            "n_ref": 19497.625
        }
    },
    "metric_per_case": [
        {
            "metrics": {
                "1": {
                    "ASSD": 70.27973647657801,
                    "Dice": 0.0,
                    "FN": 15728,
                    "FP": 834,
                    "HD95": 92.44430755114334,
                    "IoU": 0.0,
                    "TN": 9077838,
                    "TP": 0,
                    "n_pred": 834,
                    "n_ref": 15728
                }
            },
            "prediction_file": "/home/rth/jdekok/my-scratch/nnunetv2/nnUNet/predictions_black_trained_combos/756/000.nii.gz",
            "reference_file": "/home/rth/jdekok/my-scratch/nnunetv2/nnUNet/nnUNet_raw/Dataset520_NeckTumour/labelsTs/000.nii.gz"
        },
        {
            "metrics": {
                "1": {
                    "ASSD": 0.5893373437499999,
                    "Dice": 0.7018947863951983,
                    "FN": 4901,
                    "FP": 2698,
                    "HD95": 3.0,
                    "IoU": 0.5407071622846782,
                    "TN": 9077855,
                    "TP": 8946,
                    "n_pred": 11644,
                    "n_ref": 13847
                }
            },
            "prediction_file": "/home/rth/jdekok/my-scratch/nnunetv2/nnUNet/predictions_black_trained_combos/756/001.nii.gz",
            "reference_file": "/home/rth/jdekok/my-scratch/nnunetv2/nnUNet/nnUNet_raw/Dataset520_NeckTumour/labelsTs/001.nii.gz"
        },
        {
            "metrics": {
                "1": {
                    "ASSD": 114.06107205678697,
                    "Dice": 0.0,
                    "FN": 21718,
                    "FP": 37800,
                    "HD95": 183.97282408007982,
                    "IoU": 0.0,
                    "TN": 9034882,
                    "TP": 0,
                    "n_pred": 37800,
                    "n_ref": 21718
                }
            },
            "prediction_file": "/home/rth/jdekok/my-scratch/nnunetv2/nnUNet/predictions_black_trained_combos/756/002.nii.gz",
            "reference_file": "/home/rth/jdekok/my-scratch/nnunetv2/nnUNet/nnUNet_raw/Dataset520_NeckTumour/labelsTs/002.nii.gz"
        },
        {
            "metrics": {
                "1": {
                    "ASSD": 91.09869653227683,
                    "Dice": 0.41300418642732456,
                    "FN": 939,
                    "FP": 75057,
                    "HD95": 223.54585659112985,
                    "IoU": 0.26024276995259465,
                    "TN": 8991669,
                    "TP": 26735,
                    "n_pred": 101792,
                    "n_ref": 27674
                }
            },
            "prediction_file": "/home/rth/jdekok/my-scratch/nnunetv2/nnUNet/predictions_black_trained_combos/756/003.nii.gz",
            "reference_file": "/home/rth/jdekok/my-scratch/nnunetv2/nnUNet/nnUNet_raw/Dataset520_NeckTumour/labelsTs/003.nii.gz"
        },
        {
            "metrics": {
                "1": {
                    "ASSD": 4.7741527162665385,
                    "Dice": 0.365229582895198,
                    "FN": 13666,
                    "FP": 6255,
                    "HD95": 15.652475842498529,
                    "IoU": 0.22341337907375644,
                    "TN": 9068748,
                    "TP": 5731,
                    "n_pred": 11986,
                    "n_ref": 19397
                }
            },
            "prediction_file": "/home/rth/jdekok/my-scratch/nnunetv2/nnUNet/predictions_black_trained_combos/756/004.nii.gz",
            "reference_file": "/home/rth/jdekok/my-scratch/nnunetv2/nnUNet/nnUNet_raw/Dataset520_NeckTumour/labelsTs/004.nii.gz"
        },
        {
            "metrics": {
                "1": {
                    "ASSD": 0.1921712810401547,
                    "Dice": 0.8424933550544457,
                    "FN": 2724,
                    "FP": 2787,
                    "HD95": 1.0,
                    "IoU": 0.7278518518518519,
                    "TN": 9074150,
                    "TP": 14739,
                    "n_pred": 17526,
                    "n_ref": 17463
                }
            },
            "prediction_file": "/home/rth/jdekok/my-scratch/nnunetv2/nnUNet/predictions_black_trained_combos/756/005.nii.gz",
            "reference_file": "/home/rth/jdekok/my-scratch/nnunetv2/nnUNet/nnUNet_raw/Dataset520_NeckTumour/labelsTs/005.nii.gz"
        },
        {
            "metrics": {
                "1": {
                    "ASSD": 14.845563148135412,
                    "Dice": 0.20952500831662516,
                    "FN": 80123,
                    "FP": 7796,
                    "HD95": 141.4846281363314,
                    "IoU": 0.11702202448504083,
                    "TN": 8994829,
                    "TP": 11652,
                    "n_pred": 19448,
                    "n_ref": 91775
                }
            },
            "prediction_file": "/home/rth/jdekok/my-scratch/nnunetv2/nnUNet/predictions_black_trained_combos/756/006.nii.gz",
            "reference_file": "/home/rth/jdekok/my-scratch/nnunetv2/nnUNet/nnUNet_raw/Dataset520_NeckTumour/labelsTs/006.nii.gz"
        },
        {
            "metrics": {
                "1": {
                    "ASSD": 64.7858652082972,
                    "Dice": 0.09453413732736822,
                    "FN": 3097,
                    "FP": 1558,
                    "HD95": 252.17652547372447,
                    "IoU": 0.04961208656594528,
                    "TN": 9089502,
                    "TP": 243,
                    "n_pred": 1801,
                    "n_ref": 3340
                }
            },
            "prediction_file": "/home/rth/jdekok/my-scratch/nnunetv2/nnUNet/predictions_black_trained_combos/756/007.nii.gz",
            "reference_file": "/home/rth/jdekok/my-scratch/nnunetv2/nnUNet/nnUNet_raw/Dataset520_NeckTumour/labelsTs/007.nii.gz"
        },
        {
            "metrics": {
                "1": {
                    "ASSD": 144.98481511107826,
                    "Dice": 0.0,
                    "FN": 4711,
                    "FP": 21437,
                    "HD95": 329.3790369381634,
                    "IoU": 0.0,
                    "TN": 9068252,
                    "TP": 0,
                    "n_pred": 21437,
                    "n_ref": 4711
                }
            },
            "prediction_file": "/home/rth/jdekok/my-scratch/nnunetv2/nnUNet/predictions_black_trained_combos/756/008.nii.gz",
            "reference_file": "/home/rth/jdekok/my-scratch/nnunetv2/nnUNet/nnUNet_raw/Dataset520_NeckTumour/labelsTs/008.nii.gz"
        },
        {
            "metrics": {
                "1": {
                    "ASSD": 132.0844987065454,
                    "Dice": 0.0,
                    "FN": 10382,
                    "FP": 54609,
                    "HD95": 186.81006396872735,
                    "IoU": 0.0,
                    "TN": 9029409,
                    "TP": 0,
                    "n_pred": 54609,
                    "n_ref": 10382
                }
            },
            "prediction_file": "/home/rth/jdekok/my-scratch/nnunetv2/nnUNet/predictions_black_trained_combos/756/009.nii.gz",