{
    "foreground_mean": {
        "ASSD": 0.9514051464365977,
        "Dice": 0.7386560780073194,
        "FN": 5113.125,
        "FP": 3160.1875,
        "HD95": 5.709409792036455,
        "IoU": 0.5948275930839585,
        "TN": 9071742.1875,
        "TP": 14384.5,
        "n_pred": 17544.6875,
        "n_ref": 19497.625
    },
    "mean": {
        "1": {
            "ASSD": 0.9514051464365977,
            "Dice": 0.7386560780073194,
            "FN": 5113.125,
            "FP": 3160.1875,
            "HD95": 5.709409792036455,
            "IoU": 0.5948275930839585,
            "TN": 9071742.1875,
            "TP": 14384.5,
            "n_pred": 17544.6875,
            "n_ref": 19497.625
        }
    },
    "metric_per_case": [
        {
            "metrics": {
                "1": {
                    "ASSD": 0.15190512726478395,
                    "Dice": 0.8786975611319424,
                    "FN": 2019,
                    "FP": 1766,
                    "HD95": 1.0,
                    "IoU": 0.7836401051789185,
                    "TN": 9076906,
                    "TP": 13709,
                    "n_pred": 15475,
                    "n_ref": 15728
                }
            },
            "prediction_file": "/home/rth/jdekok/my-scratch/nnunetv2/nnUNet/predictions_combos/551/000.nii.gz",
            "reference_file": "/scratch/rth/jdekok/nnunetv2/nnUNet/nnUNet_raw/Dataset551_30T2_30STIR/labelsTr/000.nii.gz"
        },
        {
            "metrics": {
                "1": {
                    "ASSD": 1.7501839985140928,
                    "Dice": 0.6179115781501467,
                    "FN": 7320,
                    "FP": 752,
                    "HD95": 10.087097609051781,
                    "IoU": 0.44708541680937053,
                    "TN": 9079801,
                    "TP": 6527,
                    "n_pred": 7279,
                    "n_ref": 13847
                }
            },
            "prediction_file": "/home/rth/jdekok/my-scratch/nnunetv2/nnUNet/predictions_combos/551/001.nii.gz",
            "reference_file": "/scratch/rth/jdekok/nnunetv2/nnUNet/nnUNet_raw/Dataset551_30T2_30STIR/labelsTr/001.nii.gz"
        },
        {
            "metrics": {
                "1": {
                    "ASSD": 0.29467856008317234,
                    "Dice": 0.8166986786383728,
                    "FN": 4072,
                    "FP": 3849,
                    "HD95": 2.0,
                    "IoU": 0.6901865686236164,
                    "TN": 9068833,
                    "TP": 17646,
                    "n_pred": 21495,
                    "n_ref": 21718
                }
            },
            "prediction_file": "/home/rth/jdekok/my-scratch/nnunetv2/nnUNet/predictions_combos/551/002.nii.gz",
            "reference_file": "/scratch/rth/jdekok/nnunetv2/nnUNet/nnUNet_raw/Dataset551_30T2_30STIR/labelsTr/002.nii.gz"
        },
        {
            "metrics": {
                "1": {
                    "ASSD": 0.20330896042014857,
                    "Dice": 0.8599532491818607,
                    "FN": 4681,
                    "FP": 2808,
                    "HD95": 1.0,
                    "IoU": 0.7543140213896726,
                    "TN": 9063918,
                    "TP": 22993,
                    "n_pred": 25801,
                    "n_ref": 27674
                }
            },
            "prediction_file": "/home/rth/jdekok/my-scratch/nnunetv2/nnUNet/predictions_combos/551/003.nii.gz",
            "reference_file": "/scratch/rth/jdekok/nnunetv2/nnUNet/nnUNet_raw/Dataset551_30T2_30STIR/labelsTr/003.nii.gz"
        },
        {
            "metrics": {
                "1": {
                    "ASSD": 0.5594760974777693,
                    "Dice": 0.7131202477524324,
                    "FN": 3969,
                    "FP": 8444,
                    "HD95": 2.8284271247461903,
                    "IoU": 0.5541467619697569,
                    "TN": 9066559,
                    "TP": 15428,
                    "n_pred": 23872,
                    "n_ref": 19397
                }
            },
            "prediction_file": "/home/rth/jdekok/my-scratch/nnunetv2/nnUNet/predictions_combos/551/004.nii.gz",
            "reference_file": "/scratch/rth/jdekok/nnunetv2/nnUNet/nnUNet_raw/Dataset551_30T2_30STIR/labelsTr/004.nii.gz"
        },
        {
            "metrics": {
                "1": {
                    "ASSD": 0.24549332275886093,
                    "Dice": 0.8152113919858704,
                    "FN": 2693,
                    "FP": 4003,
                    "HD95": 1.4142135623730951,
                    "IoU": 0.6880648467343706,
                    "TN": 9072934,
                    "TP": 14770,
                    "n_pred": 18773,
                    "n_ref": 17463
                }
            },
            "prediction_file": "/home/rth/jdekok/my-scratch/nnunetv2/nnUNet/predictions_combos/551/005.nii.gz",
            "reference_file": "/scratch/rth/jdekok/nnunetv2/nnUNet/nnUNet_raw/Dataset551_30T2_30STIR/labelsTr/005.nii.gz"
        },
        {
            "metrics": {
                "1": {
                    "ASSD": 0.6793330276539615,
                    "Dice": 0.7846065898780058,
                    "FN": 27267,
                    "FP": 8151,
                    "HD95": 3.605551275463989,
                    "IoU": 0.6455577127074035,
                    "TN": 8994474,
                    "TP": 64508,
                    "n_pred": 72659,
                    "n_ref": 91775
                }
            },
            "prediction_file": "/home/rth/jdekok/my-scratch/nnunetv2/nnUNet/predictions_combos/551/006.nii.gz",
            "reference_file": "/scratch/rth/jdekok/nnunetv2/nnUNet/nnUNet_raw/Dataset551_30T2_30STIR/labelsTr/006.nii.gz"
        },
        {
            "metrics": {
                "1": {
                    "ASSD": 2.014324769032631,
                    "Dice": 0.5630961115187088,
                    "FN": 1805,
                    "FP": 577,
                    "HD95": 6.164414002968976,
                    "IoU": 0.39188154199642583,
                    "TN": 9090483,
                    "TP": 1535,
                    "n_pred": 2112,
                    "n_ref": 3340
                }
            },
            "prediction_file": "/home/rth/jdekok/my-scratch/nnunetv2/nnUNet/predictions_combos/551/007.nii.gz",
            "reference_file": "/scratch/rth/jdekok/nnunetv2/nnUNet/nnUNet_raw/Dataset551_30T2_30STIR/labelsTr/007.nii.gz"
        },
        {
            "metrics": {
                "1": {
                    "ASSD": 2.175218390093406,
                    "Dice": 0.6282736870972165,
                    "FN": 2420,
                    "FP": 291,
                    "HD95": 17.029386365926403,
                    "IoU": 0.4580167932826869,
                    "TN": 9089398,
                    "TP": 2291,
                    "n_pred": 2582,
                    "n_ref": 4711
                }
            },
            "prediction_file": "/home/rth/jdekok/my-scratch/nnunetv2/nnUNet/predictions_combos/551/008.nii.gz",
            "reference_file": "/scratch/rth/jdekok/nnunetv2/nnUNet/nnUNet_raw/Dataset551_30T2_30STIR/labelsTr/008.nii.gz"
        },
        {
            "metrics": {
                "1": {
                    "ASSD": 0.7703766274182006,
                    "Dice": 0.7241043402965689,
                    "FN": 3692,
                    "FP": 1406,
                    "HD95": 4.242640687119285,
                    "IoU": 0.5675262979300985,
                    "TN": 9082612,
                    "TP": 6690,
                    "n_pred": 8096,
                    "n_ref": 10382
                }
            },
            "prediction_file": "/home/rth/jdekok/my-scratch/nnunetv2/nnUNet/predictions_combos/551/009.nii.gz",