{
    "foreground_mean": {
        "ASSD": 1.0450649679614348,
        "Dice": 0.7209833852335026,
        "FN": 5855.3125,
        "FP": 2327.25,
        "HD95": 6.364768817401039,
        "IoU": 0.5778920125344867,
        "TN": 9072575.125,
        "TP": 13642.3125,
        "n_pred": 15969.5625,
        "n_ref": 19497.625
    },
    "mean": {
        "1": {
            "ASSD": 1.0450649679614348,
            "Dice": 0.7209833852335026,
            "FN": 5855.3125,
            "FP": 2327.25,
            "HD95": 6.364768817401039,
            "IoU": 0.5778920125344867,
            "TN": 9072575.125,
            "TP": 13642.3125,
            "n_pred": 15969.5625,
            "n_ref": 19497.625
        }
    },
    "metric_per_case": [
        {
            "metrics": {
                "1": {
                    "ASSD": 0.15240128196945812,
                    "Dice": 0.8877120721780916,
                    "FN": 2150,
                    "FP": 1285,
                    "HD95": 1.0,
                    "IoU": 0.7980955739728443,
                    "TN": 9077387,
                    "TP": 13578,
                    "n_pred": 14863,
                    "n_ref": 15728
                }
            },
            "prediction_file": "/home/rth/jdekok/my-scratch/nnunetv2/nnUNet/predictions_combos/553_post/000.nii.gz",
            "reference_file": "/scratch/rth/jdekok/nnunetv2/nnUNet/nnUNet_raw/Dataset553_30T2_30STIR_60DWIADC/labelsTr/000.nii.gz"
        },
        {
            "metrics": {
                "1": {
                    "ASSD": 1.7515749855094875,
                    "Dice": 0.6217902910771282,
                    "FN": 7321,
                    "FP": 618,
                    "HD95": 10.246950765959598,
                    "IoU": 0.45115796750777737,
                    "TN": 9079935,
                    "TP": 6526,
                    "n_pred": 7144,
                    "n_ref": 13847
                }
            },
            "prediction_file": "/home/rth/jdekok/my-scratch/nnunetv2/nnUNet/predictions_combos/553_post/001.nii.gz",
            "reference_file": "/scratch/rth/jdekok/nnunetv2/nnUNet/nnUNet_raw/Dataset553_30T2_30STIR_60DWIADC/labelsTr/001.nii.gz"
        },
        {
            "metrics": {
                "1": {
                    "ASSD": 0.29467856008317234,
                    "Dice": 0.8166986786383728,
                    "FN": 4072,
                    "FP": 3849,
                    "HD95": 2.0,
                    "IoU": 0.6901865686236164,
                    "TN": 9068833,
                    "TP": 17646,
                    "n_pred": 21495,
                    "n_ref": 21718
                }
            },
            "prediction_file": "/home/rth/jdekok/my-scratch/nnunetv2/nnUNet/predictions_combos/553_post/002.nii.gz",
            "reference_file": "/scratch/rth/jdekok/nnunetv2/nnUNet/nnUNet_raw/Dataset553_30T2_30STIR_60DWIADC/labelsTr/002.nii.gz"
        },
        {
            "metrics": {
                "1": {
                    "ASSD": 0.17433556903112887,
                    "Dice": 0.8691113239076963,
                    "FN": 4530,
                    "FP": 2441,
                    "HD95": 1.0,
                    "IoU": 0.7685206707620788,
                    "TN": 9064285,
                    "TP": 23144,
                    "n_pred": 25585,
                    "n_ref": 27674
                }
            },
            "prediction_file": "/home/rth/jdekok/my-scratch/nnunetv2/nnUNet/predictions_combos/553_post/003.nii.gz",
            "reference_file": "/scratch/rth/jdekok/nnunetv2/nnUNet/nnUNet_raw/Dataset553_30T2_30STIR_60DWIADC/labelsTr/003.nii.gz"
        },
        {
            "metrics": {
                "1": {
                    "ASSD": 2.133194251400281,
                    "Dice": 0.5934370852937628,
                    "FN": 9559,
                    "FP": 3921,
                    "HD95": 13.341664064126334,
                    "IoU": 0.42190582382708636,
                    "TN": 9071082,
                    "TP": 9838,
                    "n_pred": 13759,
                    "n_ref": 19397
                }
            },
            "prediction_file": "/home/rth/jdekok/my-scratch/nnunetv2/nnUNet/predictions_combos/553_post/004.nii.gz",
            "reference_file": "/scratch/rth/jdekok/nnunetv2/nnUNet/nnUNet_raw/Dataset553_30T2_30STIR_60DWIADC/labelsTr/004.nii.gz"
        },
        {
            "metrics": {
                "1": {
                    "ASSD": 0.24554174030659504,
                    "Dice": 0.8151888953279797,
                    "FN": 2693,
                    "FP": 4004,
                    "HD95": 1.4142135623730951,
                    "IoU": 0.6880327945218242,
                    "TN": 9072933,
                    "TP": 14770,
                    "n_pred": 18774,
                    "n_ref": 17463
                }
            },
            "prediction_file": "/home/rth/jdekok/my-scratch/nnunetv2/nnUNet/predictions_combos/553_post/005.nii.gz",
            "reference_file": "/scratch/rth/jdekok/nnunetv2/nnUNet/nnUNet_raw/Dataset553_30T2_30STIR_60DWIADC/labelsTr/005.nii.gz"
        },
        {
            "metrics": {
                "1": {
                    "ASSD": 0.7417409318255779,
                    "Dice": 0.7818918664195281,
                    "FN": 29554,
                    "FP": 5159,
                    "HD95": 4.0,
                    "IoU": 0.6418903583881816,
                    "TN": 8997466,
                    "TP": 62221,
                    "n_pred": 67380,
                    "n_ref": 91775
                }
            },
            "prediction_file": "/home/rth/jdekok/my-scratch/nnunetv2/nnUNet/predictions_combos/553_post/006.nii.gz",
            "reference_file": "/scratch/rth/jdekok/nnunetv2/nnUNet/nnUNet_raw/Dataset553_30T2_30STIR_60DWIADC/labelsTr/006.nii.gz"
        },
        {
            "metrics": {
                "1": {
                    "ASSD": 2.228268889012675,
                    "Dice": 0.4054294615042279,
                    "FN": 2429,
                    "FP": 243,
                    "HD95": 9.273618495495704,
                    "IoU": 0.2542562098799888,
                    "TN": 9090817,
                    "TP": 911,
                    "n_pred": 1154,
                    "n_ref": 3340
                }
            },
            "prediction_file": "/home/rth/jdekok/my-scratch/nnunetv2/nnUNet/predictions_combos/553_post/007.nii.gz",
            "reference_file": "/scratch/rth/jdekok/nnunetv2/nnUNet/nnUNet_raw/Dataset553_30T2_30STIR_60DWIADC/labelsTr/007.nii.gz"
        },
        {
            "metrics": {
                "1": {
                    "ASSD": 2.491835035271735,
                    "Dice": 0.5711355311355312,
                    "FN": 2762,
                    "FP": 165,
                    "HD95": 18.0,
                    "IoU": 0.3997128794093519,
                    "TN": 9089524,
                    "TP": 1949,
                    "n_pred": 2114,
                    "n_ref": 4711
                }
            },
            "prediction_file": "/home/rth/jdekok/my-scratch/nnunetv2/nnUNet/predictions_combos/553_post/008.nii.gz",
            "reference_file": "/scratch/rth/jdekok/nnunetv2/nnUNet/nnUNet_raw/Dataset553_30T2_30STIR_60DWIADC/labelsTr/008.nii.gz"
        },
        {
            "metrics": {
                "1": {
                    "ASSD": 0.7703766274182006,
                    "Dice": 0.7241043402965689,
                    "FN": 3692,
                    "FP": 1406,
                    "HD95": 4.242640687119285,
                    "IoU": 0.5675262979300985,
                    "TN": 9082612,
                    "TP": 6690,
                    "n_pred": 8096,
                    "n_ref": 10382
                }
            },
            "prediction_file": "/home/rth/jdekok/my-scratch/nnunetv2/nnUNet/predictions_combos/553_post/009.nii.gz",