{
    "foreground_mean": {
        "ASSD": 1.115972623259016,
        "Dice": 0.7212509399856282,
        "FN": 5400.125,
        "FP": 3115.875,
        "HD95": 6.35170525629635,
        "IoU": 0.5781281379522242,
        "TN": 9071786.5,
        "TP": 14097.5,
        "n_pred": 17213.375,
        "n_ref": 19497.625
    },
    "mean": {
        "1": {
            "ASSD": 1.115972623259016,
            "Dice": 0.7212509399856282,
            "FN": 5400.125,
            "FP": 3115.875,
            "HD95": 6.35170525629635,
            "IoU": 0.5781281379522242,
            "TN": 9071786.5,
            "TP": 14097.5,
            "n_pred": 17213.375,
            "n_ref": 19497.625
        }
    },
    "metric_per_case": [
        {
            "metrics": {
                "1": {
                    "ASSD": 0.17848674942822643,
                    "Dice": 0.8727400948839594,
                    "FN": 2115,
                    "FP": 1855,
                    "HD95": 1.0,
                    "IoU": 0.7742137291702212,
                    "TN": 9076817,
                    "TP": 13613,
                    "n_pred": 15468,
                    "n_ref": 15728
                }
            },
            "prediction_file": "/home/rth/jdekok/my-scratch/nnunetv2/nnUNet/predictions_combos/554_post/000.nii.gz",
            "reference_file": "/scratch/rth/jdekok/nnunetv2/nnUNet/nnUNet_raw/Dataset554_30T1_30T1C/labelsTr/000.nii.gz"
        },
        {
            "metrics": {
                "1": {
                    "ASSD": 1.7203775299897779,
                    "Dice": 0.6288491234444545,
                    "FN": 6924,
                    "FP": 1248,
                    "HD95": 10.0,
                    "IoU": 0.45862868499503145,
                    "TN": 9079305,
                    "TP": 6923,
                    "n_pred": 8171,
                    "n_ref": 13847
                }
            },
            "prediction_file": "/home/rth/jdekok/my-scratch/nnunetv2/nnUNet/predictions_combos/554_post/001.nii.gz",
            "reference_file": "/scratch/rth/jdekok/nnunetv2/nnUNet/nnUNet_raw/Dataset554_30T1_30T1C/labelsTr/001.nii.gz"
        },
        {
            "metrics": {
                "1": {
                    "ASSD": 0.20551634501523097,
                    "Dice": 0.8548110740373343,
                    "FN": 2760,
                    "FP": 3680,
                    "HD95": 1.0,
                    "IoU": 0.7464367273013623,
                    "TN": 9069002,
                    "TP": 18958,
                    "n_pred": 22638,
                    "n_ref": 21718
                }
            },
            "prediction_file": "/home/rth/jdekok/my-scratch/nnunetv2/nnUNet/predictions_combos/554_post/002.nii.gz",
            "reference_file": "/scratch/rth/jdekok/nnunetv2/nnUNet/nnUNet_raw/Dataset554_30T1_30T1C/labelsTr/002.nii.gz"
        },
        {
            "metrics": {
                "1": {
                    "ASSD": 0.2016404125196964,
                    "Dice": 0.8670993808570734,
                    "FN": 4496,
                    "FP": 2609,
                    "HD95": 1.0,
                    "IoU": 0.7653799161245584,
                    "TN": 9064117,
                    "TP": 23178,
                    "n_pred": 25787,
                    "n_ref": 27674
                }
            },
            "prediction_file": "/home/rth/jdekok/my-scratch/nnunetv2/nnUNet/predictions_combos/554_post/003.nii.gz",
            "reference_file": "/scratch/rth/jdekok/nnunetv2/nnUNet/nnUNet_raw/Dataset554_30T1_30T1C/labelsTr/003.nii.gz"
        },
        {
            "metrics": {
                "1": {
                    "ASSD": 0.4732807757274753,
                    "Dice": 0.7222270514603616,
                    "FN": 2780,
                    "FP": 10002,
                    "HD95": 2.0,
                    "IoU": 0.5652233069152012,
                    "TN": 9065001,
                    "TP": 16617,
                    "n_pred": 26619,
                    "n_ref": 19397
                }
            },
            "prediction_file": "/home/rth/jdekok/my-scratch/nnunetv2/nnUNet/predictions_combos/554_post/004.nii.gz",
            "reference_file": "/scratch/rth/jdekok/nnunetv2/nnUNet/nnUNet_raw/Dataset554_30T1_30T1C/labelsTr/004.nii.gz"
        },
        {
            "metrics": {
                "1": {
                    "ASSD": 0.24549332275886093,
                    "Dice": 0.8152113919858704,
                    "FN": 2693,
                    "FP": 4003,
                    "HD95": 1.4142135623730951,
                    "IoU": 0.6880648467343706,
                    "TN": 9072934,
                    "TP": 14770,
                    "n_pred": 18773,
                    "n_ref": 17463
                }
            },
            "prediction_file": "/home/rth/jdekok/my-scratch/nnunetv2/nnUNet/predictions_combos/554_post/005.nii.gz",
            "reference_file": "/scratch/rth/jdekok/nnunetv2/nnUNet/nnUNet_raw/Dataset554_30T1_30T1C/labelsTr/005.nii.gz"
        },
        {
            "metrics": {
                "1": {
                    "ASSD": 0.6038931980424906,
                    "Dice": 0.7649771895523136,
                    "FN": 30739,
                    "FP": 6765,
                    "HD95": 3.1622776601683795,
                    "IoU": 0.6194032880048711,
                    "TN": 8995860,
                    "TP": 61036,
                    "n_pred": 67801,
                    "n_ref": 91775
                }
            },
            "prediction_file": "/home/rth/jdekok/my-scratch/nnunetv2/nnUNet/predictions_combos/554_post/006.nii.gz",
            "reference_file": "/scratch/rth/jdekok/nnunetv2/nnUNet/nnUNet_raw/Dataset554_30T1_30T1C/labelsTr/006.nii.gz"
        },
        {
            "metrics": {
                "1": {
                    "ASSD": 2.3466869530602725,
                    "Dice": 0.5073558648111332,
                    "FN": 2064,
                    "FP": 414,
                    "HD95": 11.661903789690601,
                    "IoU": 0.33990410229088974,
                    "TN": 9090646,
                    "TP": 1276,
                    "n_pred": 1690,
                    "n_ref": 3340
                }
            },
            "prediction_file": "/home/rth/jdekok/my-scratch/nnunetv2/nnUNet/predictions_combos/554_post/007.nii.gz",
            "reference_file": "/scratch/rth/jdekok/nnunetv2/nnUNet/nnUNet_raw/Dataset554_30T1_30T1C/labelsTr/007.nii.gz"
        },
        {
            "metrics": {
                "1": {
                    "ASSD": 2.4173851084530233,
                    "Dice": 0.6401084010840108,
                    "FN": 2349,
                    "FP": 307,
                    "HD95": 19.235384061671343,
                    "IoU": 0.47070546034276606,
                    "TN": 9089382,
                    "TP": 2362,
                    "n_pred": 2669,
                    "n_ref": 4711
                }
            },
            "prediction_file": "/home/rth/jdekok/my-scratch/nnunetv2/nnUNet/predictions_combos/554_post/008.nii.gz",
            "reference_file": "/scratch/rth/jdekok/nnunetv2/nnUNet/nnUNet_raw/Dataset554_30T1_30T1C/labelsTr/008.nii.gz"
        },
        {
            "metrics": {
                "1": {
                    "ASSD": 3.8579221219611544,
                    "Dice": 0.438310330405688,
                    "FN": 7238,
                    "FP": 820,
                    "HD95": 16.1245154965971,
                    "IoU": 0.2806641671130155,
                    "TN": 9083198,
                    "TP": 3144,
                    "n_pred": 3964,
                    "n_ref": 10382
                }
            },
            "prediction_file": "/home/rth/jdekok/my-scratch/nnunetv2/nnUNet/predictions_combos/554_post/009.nii.gz",