{
    "foreground_mean": {
        "ASSD": 136.29085954790193,
        "Dice": 0.12217419441541993,
        "FN": 16301.9375,
        "FP": 66701.4375,
        "HD95": 168.72592855533026,
        "IoU": 0.09091894400835084,
        "TN": 9008200.9375,
        "TP": 3195.6875,
        "n_pred": 69897.125,
        "n_ref": 19497.625
    },
    "mean": {
        "1": {
            "ASSD": 136.29085954790193,
            "Dice": 0.12217419441541993,
            "FN": 16301.9375,
            "FP": 66701.4375,
            "HD95": 168.72592855533026,
            "IoU": 0.09091894400835084,
            "TN": 9008200.9375,
            "TP": 3195.6875,
            "n_pred": 69897.125,
            "n_ref": 19497.625
        }
    },
    "metric_per_case": [
        {
            "metrics": {
                "1": {
                    "ASSD": 161.3530855109604,
                    "Dice": 0.0,
                    "FN": 15728,
                    "FP": 129526,
                    "HD95": 217.2233873228203,
                    "IoU": 0.0,
                    "TN": 8949146,
                    "TP": 0,
                    "n_pred": 129526,
                    "n_ref": 15728
                }
            },
            "prediction_file": "/home/rth/jdekok/my-scratch/nnunetv2/nnUNet/predictions_black_combos/642_post/000.nii.gz",
            "reference_file": "/home/rth/jdekok/my-scratch/nnunetv2/nnUNet/nnUNet_raw/Dataset520_NeckTumour/labelsTsreal/000.nii.gz"
        },
        {
            "metrics": {
                "1": {
                    "ASSD": 1.8858467899254445,
                    "Dice": 0.6000534568781183,
                    "FN": 7112,
                    "FP": 1866,
                    "HD95": 11.0,
                    "IoU": 0.42862597848914913,
                    "TN": 9078687,
                    "TP": 6735,
                    "n_pred": 8601,
                    "n_ref": 13847
                }
            },
            "prediction_file": "/home/rth/jdekok/my-scratch/nnunetv2/nnUNet/predictions_black_combos/642_post/001.nii.gz",
            "reference_file": "/home/rth/jdekok/my-scratch/nnunetv2/nnUNet/nnUNet_raw/Dataset520_NeckTumour/labelsTsreal/001.nii.gz"
        },
        {
            "metrics": {
                "1": {
                    "ASSD": 152.54632302969793,
                    "Dice": 0.0,
                    "FN": 21718,
                    "FP": 86775,
                    "HD95": 196.69977120931534,
                    "IoU": 0.0,
                    "TN": 8985907,
                    "TP": 0,
                    "n_pred": 86775,
                    "n_ref": 21718
                }
            },
            "prediction_file": "/home/rth/jdekok/my-scratch/nnunetv2/nnUNet/predictions_black_combos/642_post/002.nii.gz",
            "reference_file": "/home/rth/jdekok/my-scratch/nnunetv2/nnUNet/nnUNet_raw/Dataset520_NeckTumour/labelsTsreal/002.nii.gz"
        },
        {
            "metrics": {
                "1": {
                    "ASSD": 173.90352616915263,
                    "Dice": 0.0,
                    "FN": 27674,
                    "FP": 61995,
                    "HD95": 210.15613243167914,
                    "IoU": 0.0,
                    "TN": 9004731,
                    "TP": 0,
                    "n_pred": 61995,
                    "n_ref": 27674
                }
            },
            "prediction_file": "/home/rth/jdekok/my-scratch/nnunetv2/nnUNet/predictions_black_combos/642_post/003.nii.gz",
            "reference_file": "/home/rth/jdekok/my-scratch/nnunetv2/nnUNet/nnUNet_raw/Dataset520_NeckTumour/labelsTsreal/003.nii.gz"
        },
        {
            "metrics": {
                "1": {
                    "ASSD": 149.83305735615886,
                    "Dice": 0.0,
                    "FN": 19397,
                    "FP": 115210,
                    "HD95": 193.84787850270635,
                    "IoU": 0.0,
                    "TN": 8959793,
                    "TP": 0,
                    "n_pred": 115210,
                    "n_ref": 19397
                }
            },
            "prediction_file": "/home/rth/jdekok/my-scratch/nnunetv2/nnUNet/predictions_black_combos/642_post/004.nii.gz",
            "reference_file": "/home/rth/jdekok/my-scratch/nnunetv2/nnUNet/nnUNet_raw/Dataset520_NeckTumour/labelsTsreal/004.nii.gz"
        },
        {
            "metrics": {
                "1": {
                    "ASSD": 1.8025621809406494,
                    "Dice": 0.645046345368846,
                    "FN": 3162,
                    "FP": 12577,
                    "HD95": 8.366600265340756,
                    "IoU": 0.47606524633821573,
                    "TN": 9064360,
                    "TP": 14301,
                    "n_pred": 26878,
                    "n_ref": 17463
                }
            },
            "prediction_file": "/home/rth/jdekok/my-scratch/nnunetv2/nnUNet/predictions_black_combos/642_post/005.nii.gz",
            "reference_file": "/home/rth/jdekok/my-scratch/nnunetv2/nnUNet/nnUNet_raw/Dataset520_NeckTumour/labelsTsreal/005.nii.gz"
        },
        {
            "metrics": {
                "1": {
                    "ASSD": 140.0419618905779,
                    "Dice": 0.0,
                    "FN": 91775,
                    "FP": 130834,
                    "HD95": 181.00276240985937,
                    "IoU": 0.0,
                    "TN": 8871791,
                    "TP": 0,
                    "n_pred": 130834,
                    "n_ref": 91775
                }
            },
            "prediction_file": "/home/rth/jdekok/my-scratch/nnunetv2/nnUNet/predictions_black_combos/642_post/006.nii.gz",
            "reference_file": "/home/rth/jdekok/my-scratch/nnunetv2/nnUNet/nnUNet_raw/Dataset520_NeckTumour/labelsTsreal/006.nii.gz"
        },
        {
            "metrics": {
                "1": {
                    "ASSD": 228.78396279369858,
                    "Dice": 0.0,
                    "FN": 3340,
                    "FP": 31161,
                    "HD95": 263.56593103054877,
                    "IoU": 0.0,
                    "TN": 9059899,
                    "TP": 0,
                    "n_pred": 31161,
                    "n_ref": 3340
                }
            },
            "prediction_file": "/home/rth/jdekok/my-scratch/nnunetv2/nnUNet/predictions_black_combos/642_post/007.nii.gz",
            "reference_file": "/home/rth/jdekok/my-scratch/nnunetv2/nnUNet/nnUNet_raw/Dataset520_NeckTumour/labelsTsreal/007.nii.gz"
        },
        {
            "metrics": {
                "1": {
                    "ASSD": 172.87151084624605,
                    "Dice": 0.0,
                    "FN": 4711,
                    "FP": 68126,
                    "HD95": 215.4321238812819,
                    "IoU": 0.0,
                    "TN": 9021563,
                    "TP": 0,
                    "n_pred": 68126,
                    "n_ref": 4711
                }
            },
            "prediction_file": "/home/rth/jdekok/my-scratch/nnunetv2/nnUNet/predictions_black_combos/642_post/008.nii.gz",
            "reference_file": "/home/rth/jdekok/my-scratch/nnunetv2/nnUNet/nnUNet_raw/Dataset520_NeckTumour/labelsTsreal/008.nii.gz"
        },
        {
            "metrics": {
                "1": {
                    "ASSD": 146.86410463422567,
                    "Dice": 0.0,
                    "FN": 10382,
                    "FP": 97381,
                    "HD95": 184.5778968349136,
                    "IoU": 0.0,
                    "TN": 8986637,
                    "TP": 0,
                    "n_pred": 97381,
                    "n_ref": 10382
                }
            },
            "prediction_file": "/home/rth/jdekok/my-scratch/nnunetv2/nnUNet/predictions_black_combos/642_post/009.nii.gz",