{
    "foreground_mean": {
        "ASSD": 8.951360664474931,
        "Dice": 0.7060044996561207,
        "FN": 3592.1875,
        "FP": 7957.9375,
        "HD95": 21.156943507630032,
        "IoU": 0.5661662246892651,
        "TN": 9066944.4375,
        "TP": 15905.4375,
        "n_pred": 23863.375,
        "n_ref": 19497.625
    },
    "mean": {
        "1": {
            "ASSD": 8.951360664474931,
            "Dice": 0.7060044996561207,
            "FN": 3592.1875,
            "FP": 7957.9375,
            "HD95": 21.156943507630032,
            "IoU": 0.5661662246892651,
            "TN": 9066944.4375,
            "TP": 15905.4375,
            "n_pred": 23863.375,
            "n_ref": 19497.625
        }
    },
    "metric_per_case": [
        {
            "metrics": {
                "1": {
                    "ASSD": 0.13655536705755755,
                    "Dice": 0.8874663286325464,
                    "FN": 1726,
                    "FP": 1825,
                    "HD95": 1.0,
                    "IoU": 0.7976983991340512,
                    "TN": 9076847,
                    "TP": 14002,
                    "n_pred": 15827,
                    "n_ref": 15728
                }
            },
            "prediction_file": "/home/rth/jdekok/my-scratch/nnunetv2/nnUNet/predictions_black_combos/644/000.nii.gz",
            "reference_file": "/home/rth/jdekok/my-scratch/nnunetv2/nnUNet/nnUNet_raw/Dataset520_NeckTumour/labelsTsreal/000.nii.gz"
        },
        {
            "metrics": {
                "1": {
                    "ASSD": 115.79890513723515,
                    "Dice": 0.34934563600414276,
                    "FN": 4571,
                    "FP": 29982,
                    "HD95": 245.80520740905246,
                    "IoU": 0.2116406945173287,
                    "TN": 9050571,
                    "TP": 9276,
                    "n_pred": 39258,
                    "n_ref": 13847
                }
            },
            "prediction_file": "/home/rth/jdekok/my-scratch/nnunetv2/nnUNet/predictions_black_combos/644/001.nii.gz",
            "reference_file": "/home/rth/jdekok/my-scratch/nnunetv2/nnUNet/nnUNet_raw/Dataset520_NeckTumour/labelsTsreal/001.nii.gz"
        },
        {
            "metrics": {
                "1": {
                    "ASSD": 0.2423672659094492,
                    "Dice": 0.83943111497123,
                    "FN": 2388,
                    "FP": 5007,
                    "HD95": 1.4142135623730951,
                    "IoU": 0.7232927970065481,
                    "TN": 9067675,
                    "TP": 19330,
                    "n_pred": 24337,
                    "n_ref": 21718
                }
            },
            "prediction_file": "/home/rth/jdekok/my-scratch/nnunetv2/nnUNet/predictions_black_combos/644/002.nii.gz",
            "reference_file": "/home/rth/jdekok/my-scratch/nnunetv2/nnUNet/nnUNet_raw/Dataset520_NeckTumour/labelsTsreal/002.nii.gz"
        },
        {
            "metrics": {
                "1": {
                    "ASSD": 0.19722411843158988,
                    "Dice": 0.8660590996962165,
                    "FN": 4154,
                    "FP": 3121,
                    "HD95": 1.0,
                    "IoU": 0.7637603507062835,
                    "TN": 9063605,
                    "TP": 23520,
                    "n_pred": 26641,
                    "n_ref": 27674
                }
            },
            "prediction_file": "/home/rth/jdekok/my-scratch/nnunetv2/nnUNet/predictions_black_combos/644/003.nii.gz",
            "reference_file": "/home/rth/jdekok/my-scratch/nnunetv2/nnUNet/nnUNet_raw/Dataset520_NeckTumour/labelsTsreal/003.nii.gz"
        },
        {
            "metrics": {
                "1": {
                    "ASSD": 1.0272401762514456,
                    "Dice": 0.6802323388526383,
                    "FN": 1362,
                    "FP": 15594,
                    "HD95": 5.385164807134504,
                    "IoU": 0.5154182504072475,
                    "TN": 9059409,
                    "TP": 18035,
                    "n_pred": 33629,
                    "n_ref": 19397
                }
            },
            "prediction_file": "/home/rth/jdekok/my-scratch/nnunetv2/nnUNet/predictions_black_combos/644/004.nii.gz",
            "reference_file": "/home/rth/jdekok/my-scratch/nnunetv2/nnUNet/nnUNet_raw/Dataset520_NeckTumour/labelsTsreal/004.nii.gz"
        },
        {
            "metrics": {
                "1": {
                    "ASSD": 0.23091663712421728,
                    "Dice": 0.8279000846740051,
                    "FN": 1819,
                    "FP": 4685,
                    "HD95": 1.0,
                    "IoU": 0.7063391728372765,
                    "TN": 9072252,
                    "TP": 15644,
                    "n_pred": 20329,
                    "n_ref": 17463
                }
            },
            "prediction_file": "/home/rth/jdekok/my-scratch/nnunetv2/nnUNet/predictions_black_combos/644/005.nii.gz",
            "reference_file": "/home/rth/jdekok/my-scratch/nnunetv2/nnUNet/nnUNet_raw/Dataset520_NeckTumour/labelsTsreal/005.nii.gz"
        },
        {
            "metrics": {
                "1": {
                    "ASSD": 0.7097536307673141,
                    "Dice": 0.7593917017376262,
                    "FN": 18245,
                    "FP": 28350,
                    "HD95": 3.605551275463989,
                    "IoU": 0.6121123829344433,
                    "TN": 8974275,
                    "TP": 73530,
                    "n_pred": 101880,
                    "n_ref": 91775
                }
            },
            "prediction_file": "/home/rth/jdekok/my-scratch/nnunetv2/nnUNet/predictions_black_combos/644/006.nii.gz",
            "reference_file": "/home/rth/jdekok/my-scratch/nnunetv2/nnUNet/nnUNet_raw/Dataset520_NeckTumour/labelsTsreal/006.nii.gz"
        },
        {
            "metrics": {
                "1": {
                    "ASSD": 7.375298715613574,
                    "Dice": 0.6026912181303116,
                    "FN": 1638,
                    "FP": 606,
                    "HD95": 14.340492433511471,
                    "IoU": 0.4313228585909782,
                    "TN": 9090454,
                    "TP": 1702,
                    "n_pred": 2308,
                    "n_ref": 3340
                }
            },
            "prediction_file": "/home/rth/jdekok/my-scratch/nnunetv2/nnUNet/predictions_black_combos/644/007.nii.gz",
            "reference_file": "/home/rth/jdekok/my-scratch/nnunetv2/nnUNet/nnUNet_raw/Dataset520_NeckTumour/labelsTsreal/007.nii.gz"
        },
        {
            "metrics": {
                "1": {
                    "ASSD": 2.5203126826565123,
                    "Dice": 0.5476608187134503,
                    "FN": 2838,
                    "FP": 256,
                    "HD95": 19.0,
                    "IoU": 0.3770887859875176,
                    "TN": 9089433,
                    "TP": 1873,
                    "n_pred": 2129,
                    "n_ref": 4711
                }
            },
            "prediction_file": "/home/rth/jdekok/my-scratch/nnunetv2/nnUNet/predictions_black_combos/644/008.nii.gz",
            "reference_file": "/home/rth/jdekok/my-scratch/nnunetv2/nnUNet/nnUNet_raw/Dataset520_NeckTumour/labelsTsreal/008.nii.gz"
        },
        {
            "metrics": {
                "1": {
                    "ASSD": 1.0002125983679093,
                    "Dice": 0.7534246575342466,
                    "FN": 2792,
                    "FP": 2176,
                    "HD95": 3.4641016151377544,
                    "IoU": 0.6043956043956044,
                    "TN": 9081842,
                    "TP": 7590,
                    "n_pred": 9766,
                    "n_ref": 10382
                }
            },