{
    "foreground_mean": {
        "ASSD": 1.2376088243810979,
        "Dice": 0.6586392145062164,
        "FN": 6680.6875,
        "FP": 2504.4375,
        "HD95": 7.570962323558998,
        "IoU": 0.5213768019697098,
        "TN": 9072397.9375,
        "TP": 12816.9375,
        "n_pred": 15321.375,
        "n_ref": 19497.625
    },
    "mean": {
        "1": {
            "ASSD": 1.2376088243810979,
            "Dice": 0.6586392145062164,
            "FN": 6680.6875,
            "FP": 2504.4375,
            "HD95": 7.570962323558998,
            "IoU": 0.5213768019697098,
            "TN": 9072397.9375,
            "TP": 12816.9375,
            "n_pred": 15321.375,
            "n_ref": 19497.625
        }
    },
    "metric_per_case": [
        {
            "metrics": {
                "1": {
                    "ASSD": 0.16312061004570944,
                    "Dice": 0.8848668688911359,
                    "FN": 2601,
                    "FP": 815,
                    "HD95": 1.0,
                    "IoU": 0.7935078280843861,
                    "TN": 9077857,
                    "TP": 13127,
                    "n_pred": 13942,
                    "n_ref": 15728
                }
            },
            "prediction_file": "/home/rth/jdekok/my-scratch/nnunetv2/nnUNet/predictions_black_combos/646/000.nii.gz",
            "reference_file": "/home/rth/jdekok/my-scratch/nnunetv2/nnUNet/nnUNet_raw/Dataset520_NeckTumour/labelsTsreal/000.nii.gz"
        },
        {
            "metrics": {
                "1": {
                    "ASSD": 1.8866570866839782,
                    "Dice": 0.455762010205064,
                    "FN": 9113,
                    "FP": 2193,
                    "HD95": 7.3484692283495345,
                    "IoU": 0.29513715710723193,
                    "TN": 9078360,
                    "TP": 4734,
                    "n_pred": 6927,
                    "n_ref": 13847
                }
            },
            "prediction_file": "/home/rth/jdekok/my-scratch/nnunetv2/nnUNet/predictions_black_combos/646/001.nii.gz",
            "reference_file": "/home/rth/jdekok/my-scratch/nnunetv2/nnUNet/nnUNet_raw/Dataset520_NeckTumour/labelsTsreal/001.nii.gz"
        },
        {
            "metrics": {
                "1": {
                    "ASSD": 0.3061347607280034,
                    "Dice": 0.8087196009145707,
                    "FN": 6155,
                    "FP": 1207,
                    "HD95": 2.0,
                    "IoU": 0.67886586695747,
                    "TN": 9071475,
                    "TP": 15563,
                    "n_pred": 16770,
                    "n_ref": 21718
                }
            },
            "prediction_file": "/home/rth/jdekok/my-scratch/nnunetv2/nnUNet/predictions_black_combos/646/002.nii.gz",
            "reference_file": "/home/rth/jdekok/my-scratch/nnunetv2/nnUNet/nnUNet_raw/Dataset520_NeckTumour/labelsTsreal/002.nii.gz"
        },
        {
            "metrics": {
                "1": {
                    "ASSD": 0.2990069789566476,
                    "Dice": 0.8451851988421616,
                    "FN": 4753,
                    "FP": 3644,
                    "HD95": 1.0,
                    "IoU": 0.7318794303595376,
                    "TN": 9063082,
                    "TP": 22921,
                    "n_pred": 26565,
                    "n_ref": 27674
                }
            },
            "prediction_file": "/home/rth/jdekok/my-scratch/nnunetv2/nnUNet/predictions_black_combos/646/003.nii.gz",
            "reference_file": "/home/rth/jdekok/my-scratch/nnunetv2/nnUNet/nnUNet_raw/Dataset520_NeckTumour/labelsTsreal/003.nii.gz"
        },
        {
            "metrics": {
                "1": {
                    "ASSD": 0.648518295080987,
                    "Dice": 0.6657395450481772,
                    "FN": 5993,
                    "FP": 7467,
                    "HD95": 3.1622776601683795,
                    "IoU": 0.49895771292435975,
                    "TN": 9067536,
                    "TP": 13404,
                    "n_pred": 20871,
                    "n_ref": 19397
                }
            },
            "prediction_file": "/home/rth/jdekok/my-scratch/nnunetv2/nnUNet/predictions_black_combos/646/004.nii.gz",
            "reference_file": "/home/rth/jdekok/my-scratch/nnunetv2/nnUNet/nnUNet_raw/Dataset520_NeckTumour/labelsTsreal/004.nii.gz"
        },
        {
            "metrics": {
                "1": {
                    "ASSD": 0.33200914496324496,
                    "Dice": 0.804629421040775,
                    "FN": 3176,
                    "FP": 3762,
                    "HD95": 1.4142135623730951,
                    "IoU": 0.6731213191990577,
                    "TN": 9073175,
                    "TP": 14287,
                    "n_pred": 18049,
                    "n_ref": 17463
                }
            },
            "prediction_file": "/home/rth/jdekok/my-scratch/nnunetv2/nnUNet/predictions_black_combos/646/005.nii.gz",
            "reference_file": "/home/rth/jdekok/my-scratch/nnunetv2/nnUNet/nnUNet_raw/Dataset520_NeckTumour/labelsTsreal/005.nii.gz"
        },
        {
            "metrics": {
                "1": {
                    "ASSD": 0.8606084022917179,
                    "Dice": 0.7293334212434891,
                    "FN": 36466,
                    "FP": 4586,
                    "HD95": 4.47213595499958,
                    "IoU": 0.5739770238997105,
                    "TN": 8998039,
                    "TP": 55309,
                    "n_pred": 59895,
                    "n_ref": 91775
                }
            },
            "prediction_file": "/home/rth/jdekok/my-scratch/nnunetv2/nnUNet/predictions_black_combos/646/006.nii.gz",
            "reference_file": "/home/rth/jdekok/my-scratch/nnunetv2/nnUNet/nnUNet_raw/Dataset520_NeckTumour/labelsTsreal/006.nii.gz"
        },
        {
            "metrics": {
                "1": {
                    "ASSD": NaN,
                    "Dice": 0.0,
                    "FN": 3340,
                    "FP": 0,
                    "HD95": NaN,
                    "IoU": 0.0,
                    "TN": 9091060,
                    "TP": 0,
                    "n_pred": 0,
                    "n_ref": 3340
                }
            },
            "prediction_file": "/home/rth/jdekok/my-scratch/nnunetv2/nnUNet/predictions_black_combos/646/007.nii.gz",
            "reference_file": "/home/rth/jdekok/my-scratch/nnunetv2/nnUNet/nnUNet_raw/Dataset520_NeckTumour/labelsTsreal/007.nii.gz"
        },
        {
            "metrics": {
                "1": {
                    "ASSD": 2.354200777790781,
                    "Dice": 0.5182525433871933,
                    "FN": 2979,
                    "FP": 241,
                    "HD95": 14.529091825937867,
                    "IoU": 0.34975767366720517,
                    "TN": 9089448,
                    "TP": 1732,
                    "n_pred": 1973,
                    "n_ref": 4711
                }
            },
            "prediction_file": "/home/rth/jdekok/my-scratch/nnunetv2/nnUNet/predictions_black_combos/646/008.nii.gz",
            "reference_file": "/home/rth/jdekok/my-scratch/nnunetv2/nnUNet/nnUNet_raw/Dataset520_NeckTumour/labelsTsreal/008.nii.gz"
        },
        {
            "metrics": {
                "1": {
                    "ASSD": 4.540473437573808,
                    "Dice": 0.6234262948207171,
                    "FN": 4514,
                    "FP": 2575,
                    "HD95": 41.590864103453384,
                    "IoU": 0.4528826117156749,
                    "TN": 9081443,
                    "TP": 5868,
                    "n_pred": 8443,
                    "n_ref": 10382
                }
            },
            "prediction_file": "/home/rth/jdekok/my-scratch/nnunetv2/nnUNet/predictions_black_combos/646/009.nii.gz",