{
    "foreground_mean": {
        "ASSD": 13.769614195438859,
        "Dice": 0.594335294655497,
        "FN": 6592.1875,
        "FP": 3096.4375,
        "HD95": 20.052017322573253,
        "IoU": 0.48060327095104854,
        "TN": 9071805.9375,
        "TP": 12905.4375,
        "n_pred": 16001.875,
        "n_ref": 19497.625
    },
    "mean": {
        "1": {
            "ASSD": 13.769614195438859,
            "Dice": 0.594335294655497,
            "FN": 6592.1875,
            "FP": 3096.4375,
            "HD95": 20.052017322573253,
            "IoU": 0.48060327095104854,
            "TN": 9071805.9375,
            "TP": 12905.4375,
            "n_pred": 16001.875,
            "n_ref": 19497.625
        }
    },
    "metric_per_case": [
        {
            "metrics": {
                "1": {
                    "ASSD": 0.13655536705755755,
                    "Dice": 0.8874663286325464,
                    "FN": 1726,
                    "FP": 1825,
                    "HD95": 1.0,
                    "IoU": 0.7976983991340512,
                    "TN": 9076847,
                    "TP": 14002,
                    "n_pred": 15827,
                    "n_ref": 15728
                }
            },
            "prediction_file": "/home/rth/jdekok/my-scratch/nnunetv2/nnUNet/predictions_black_combos/651_post/000.nii.gz",
            "reference_file": "/home/rth/jdekok/my-scratch/nnunetv2/nnUNet/nnUNet_raw/Dataset520_NeckTumour/labelsTsreal/000.nii.gz"
        },
        {
            "metrics": {
                "1": {
                    "ASSD": 3.138009645368967,
                    "Dice": 0.3513084386945016,
                    "FN": 10860,
                    "FP": 171,
                    "HD95": 11.74734012447073,
                    "IoU": 0.21308317877015265,
                    "TN": 9080382,
                    "TP": 2987,
                    "n_pred": 3158,
                    "n_ref": 13847
                }
            },
            "prediction_file": "/home/rth/jdekok/my-scratch/nnunetv2/nnUNet/predictions_black_combos/651_post/001.nii.gz",
            "reference_file": "/home/rth/jdekok/my-scratch/nnunetv2/nnUNet/nnUNet_raw/Dataset520_NeckTumour/labelsTsreal/001.nii.gz"
        },
        {
            "metrics": {
                "1": {
                    "ASSD": 13.062634377564745,
                    "Dice": 0.039714775701778136,
                    "FN": 21278,
                    "FP": 0,
                    "HD95": 28.653097563788805,
                    "IoU": 0.020259692421033246,
                    "TN": 9072682,
                    "TP": 440,
                    "n_pred": 440,
                    "n_ref": 21718
                }
            },
            "prediction_file": "/home/rth/jdekok/my-scratch/nnunetv2/nnUNet/predictions_black_combos/651_post/002.nii.gz",
            "reference_file": "/home/rth/jdekok/my-scratch/nnunetv2/nnUNet/nnUNet_raw/Dataset520_NeckTumour/labelsTsreal/002.nii.gz"
        },
        {
            "metrics": {
                "1": {
                    "ASSD": 0.1814222580450927,
                    "Dice": 0.8670648086706481,
                    "FN": 4154,
                    "FP": 3058,
                    "HD95": 1.0,
                    "IoU": 0.7653260445138618,
                    "TN": 9063668,
                    "TP": 23520,
                    "n_pred": 26578,
                    "n_ref": 27674
                }
            },
            "prediction_file": "/home/rth/jdekok/my-scratch/nnunetv2/nnUNet/predictions_black_combos/651_post/003.nii.gz",
            "reference_file": "/home/rth/jdekok/my-scratch/nnunetv2/nnUNet/nnUNet_raw/Dataset520_NeckTumour/labelsTsreal/003.nii.gz"
        },
        {
            "metrics": {
                "1": {
                    "ASSD": 1.027221830945953,
                    "Dice": 0.6802451673738803,
                    "FN": 1362,
                    "FP": 15593,
                    "HD95": 5.385164807134504,
                    "IoU": 0.5154329808516719,
                    "TN": 9059410,
                    "TP": 18035,
                    "n_pred": 33628,
                    "n_ref": 19397
                }
            },
            "prediction_file": "/home/rth/jdekok/my-scratch/nnunetv2/nnUNet/predictions_black_combos/651_post/004.nii.gz",
            "reference_file": "/home/rth/jdekok/my-scratch/nnunetv2/nnUNet/nnUNet_raw/Dataset520_NeckTumour/labelsTsreal/004.nii.gz"
        },
        {
            "metrics": {
                "1": {
                    "ASSD": 0.24549332275886093,
                    "Dice": 0.8152113919858704,
                    "FN": 2693,
                    "FP": 4003,
                    "HD95": 1.4142135623730951,
                    "IoU": 0.6880648467343706,
                    "TN": 9072934,
                    "TP": 14770,
                    "n_pred": 18773,
                    "n_ref": 17463
                }
            },
            "prediction_file": "/home/rth/jdekok/my-scratch/nnunetv2/nnUNet/predictions_black_combos/651_post/005.nii.gz",
            "reference_file": "/home/rth/jdekok/my-scratch/nnunetv2/nnUNet/nnUNet_raw/Dataset520_NeckTumour/labelsTsreal/005.nii.gz"
        },
        {
            "metrics": {
                "1": {
                    "ASSD": 0.6946913448158839,
                    "Dice": 0.78485956406154,
                    "FN": 27267,
                    "FP": 8098,
                    "HD95": 3.605551275463989,
                    "IoU": 0.6459002933725831,
                    "TN": 8994527,
                    "TP": 64508,
                    "n_pred": 72606,
                    "n_ref": 91775
                }
            },
            "prediction_file": "/home/rth/jdekok/my-scratch/nnunetv2/nnUNet/predictions_black_combos/651_post/006.nii.gz",
            "reference_file": "/home/rth/jdekok/my-scratch/nnunetv2/nnUNet/nnUNet_raw/Dataset520_NeckTumour/labelsTsreal/006.nii.gz"
        },
        {
            "metrics": {
                "1": {
                    "ASSD": NaN,
                    "Dice": 0.0,
                    "FN": 3340,
                    "FP": 0,
                    "HD95": NaN,
                    "IoU": 0.0,
                    "TN": 9091060,
                    "TP": 0,
                    "n_pred": 0,
                    "n_ref": 3340
                }
            },
            "prediction_file": "/home/rth/jdekok/my-scratch/nnunetv2/nnUNet/predictions_black_combos/651_post/007.nii.gz",
            "reference_file": "/home/rth/jdekok/my-scratch/nnunetv2/nnUNet/nnUNet_raw/Dataset520_NeckTumour/labelsTsreal/007.nii.gz"
        },
        {
            "metrics": {
                "1": {
                    "ASSD": 2.175218390093406,
                    "Dice": 0.6282736870972165,
                    "FN": 2420,
                    "FP": 291,
                    "HD95": 17.029386365926403,
                    "IoU": 0.4580167932826869,
                    "TN": 9089398,
                    "TP": 2291,
                    "n_pred": 2582,
                    "n_ref": 4711
                }
            },
            "prediction_file": "/home/rth/jdekok/my-scratch/nnunetv2/nnUNet/predictions_black_combos/651_post/008.nii.gz",
            "reference_file": "/home/rth/jdekok/my-scratch/nnunetv2/nnUNet/nnUNet_raw/Dataset520_NeckTumour/labelsTsreal/008.nii.gz"
        },
        {
            "metrics": {
                "1": {
                    "ASSD": 0.7703766274182006,
                    "Dice": 0.7241043402965689,
                    "FN": 3692,
                    "FP": 1406,
                    "HD95": 4.242640687119285,
                    "IoU": 0.5675262979300985,
                    "TN": 9082612,
                    "TP": 6690,
                    "n_pred": 8096,
                    "n_ref": 10382
                }
            },