{
    "foreground_mean": {
        "ASSD": 19.31488084593948,
        "Dice": 0.5114495157022876,
        "FN": 8236.9375,
        "FP": 5218.1875,
        "HD95": 58.64989962570307,
        "IoU": 0.4018087471102644,
        "TN": 9069684.1875,
        "TP": 11260.6875,
        "n_pred": 16478.875,
        "n_ref": 19497.625
    },
    "mean": {
        "1": {
            "ASSD": 19.31488084593948,
            "Dice": 0.5114495157022876,
            "FN": 8236.9375,
            "FP": 5218.1875,
            "HD95": 58.64989962570307,
            "IoU": 0.4018087471102644,
            "TN": 9069684.1875,
            "TP": 11260.6875,
            "n_pred": 16478.875,
            "n_ref": 19497.625
        }
    },
    "metric_per_case": [
        {
            "metrics": {
                "1": {
                    "ASSD": 14.9693576908125,
                    "Dice": 0.819612480669517,
                    "FN": 2213,
                    "FP": 3736,
                    "HD95": 193.46834366376325,
                    "IoU": 0.6943588162762022,
                    "TN": 9074936,
                    "TP": 13515,
                    "n_pred": 17251,
                    "n_ref": 15728
                }
            },
            "prediction_file": "/home/rth/jdekok/my-scratch/nnunetv2/nnUNet/predictions_black_combos/653/000.nii.gz",
            "reference_file": "/home/rth/jdekok/my-scratch/nnunetv2/nnUNet/nnUNet_raw/Dataset520_NeckTumour/labelsTsreal/000.nii.gz"
        },
        {
            "metrics": {
                "1": {
                    "ASSD": 3.1399329108781244,
                    "Dice": 0.34523809523809523,
                    "FN": 10860,
                    "FP": 470,
                    "HD95": 11.575836902790225,
                    "IoU": 0.20863309352517986,
                    "TN": 9080083,
                    "TP": 2987,
                    "n_pred": 3457,
                    "n_ref": 13847
                }
            },
            "prediction_file": "/home/rth/jdekok/my-scratch/nnunetv2/nnUNet/predictions_black_combos/653/001.nii.gz",
            "reference_file": "/home/rth/jdekok/my-scratch/nnunetv2/nnUNet/nnUNet_raw/Dataset520_NeckTumour/labelsTsreal/001.nii.gz"
        },
        {
            "metrics": {
                "1": {
                    "ASSD": 13.062634377564745,
                    "Dice": 0.039714775701778136,
                    "FN": 21278,
                    "FP": 0,
                    "HD95": 28.653097563788805,
                    "IoU": 0.020259692421033246,
                    "TN": 9072682,
                    "TP": 440,
                    "n_pred": 440,
                    "n_ref": 21718
                }
            },
            "prediction_file": "/home/rth/jdekok/my-scratch/nnunetv2/nnUNet/predictions_black_combos/653/002.nii.gz",
            "reference_file": "/home/rth/jdekok/my-scratch/nnunetv2/nnUNet/nnUNet_raw/Dataset520_NeckTumour/labelsTsreal/002.nii.gz"
        },
        {
            "metrics": {
                "1": {
                    "ASSD": 1.2578992124441208,
                    "Dice": 0.7317574511819116,
                    "FN": 5602,
                    "FP": 10580,
                    "HD95": 8.12403840463596,
                    "IoU": 0.5769854132901134,
                    "TN": 9056146,
                    "TP": 22072,
                    "n_pred": 32652,
                    "n_ref": 27674
                }
            },
            "prediction_file": "/home/rth/jdekok/my-scratch/nnunetv2/nnUNet/predictions_black_combos/653/003.nii.gz",
            "reference_file": "/home/rth/jdekok/my-scratch/nnunetv2/nnUNet/nnUNet_raw/Dataset520_NeckTumour/labelsTsreal/003.nii.gz"
        },
        {
            "metrics": {
                "1": {
                    "ASSD": 3.0118941212629458,
                    "Dice": 0.5462448581485094,
                    "FN": 6516,
                    "FP": 14884,
                    "HD95": 11.045361017187261,
                    "IoU": 0.3757474986143928,
                    "TN": 9060119,
                    "TP": 12881,
                    "n_pred": 27765,
                    "n_ref": 19397
                }
            },
            "prediction_file": "/home/rth/jdekok/my-scratch/nnunetv2/nnUNet/predictions_black_combos/653/004.nii.gz",
            "reference_file": "/home/rth/jdekok/my-scratch/nnunetv2/nnUNet/nnUNet_raw/Dataset520_NeckTumour/labelsTsreal/004.nii.gz"
        },
        {
            "metrics": {
                "1": {
                    "ASSD": 0.24549332275886093,
                    "Dice": 0.8152113919858704,
                    "FN": 2693,
                    "FP": 4003,
                    "HD95": 1.4142135623730951,
                    "IoU": 0.6880648467343706,
                    "TN": 9072934,
                    "TP": 14770,
                    "n_pred": 18773,
                    "n_ref": 17463
                }
            },
            "prediction_file": "/home/rth/jdekok/my-scratch/nnunetv2/nnUNet/predictions_black_combos/653/005.nii.gz",
            "reference_file": "/home/rth/jdekok/my-scratch/nnunetv2/nnUNet/nnUNet_raw/Dataset520_NeckTumour/labelsTsreal/005.nii.gz"
        },
        {
            "metrics": {
                "1": {
                    "ASSD": 2.0802444056179468,
                    "Dice": 0.71303711160939,
                    "FN": 37238,
                    "FP": 6659,
                    "HD95": 4.358898943540674,
                    "IoU": 0.5540463660930166,
                    "TN": 8995966,
                    "TP": 54537,
                    "n_pred": 61196,
                    "n_ref": 91775
                }
            },
            "prediction_file": "/home/rth/jdekok/my-scratch/nnunetv2/nnUNet/predictions_black_combos/653/006.nii.gz",
            "reference_file": "/home/rth/jdekok/my-scratch/nnunetv2/nnUNet/nnUNet_raw/Dataset520_NeckTumour/labelsTsreal/006.nii.gz"
        },
        {
            "metrics": {
                "1": {
                    "ASSD": 73.37311721134877,
                    "Dice": 0.0,
                    "FN": 3340,
                    "FP": 403,
                    "HD95": 124.7144729189144,
                    "IoU": 0.0,
                    "TN": 9090657,
                    "TP": 0,
                    "n_pred": 403,
                    "n_ref": 3340
                }
            },
            "prediction_file": "/home/rth/jdekok/my-scratch/nnunetv2/nnUNet/predictions_black_combos/653/007.nii.gz",
            "reference_file": "/home/rth/jdekok/my-scratch/nnunetv2/nnUNet/nnUNet_raw/Dataset520_NeckTumour/labelsTsreal/007.nii.gz"
        },
        {
            "metrics": {
                "1": {
                    "ASSD": 7.664788704300024,
                    "Dice": 0.3969014084507042,
                    "FN": 3302,
                    "FP": 980,
                    "HD95": 45.54173903438173,
                    "IoU": 0.24758390441047268,
                    "TN": 9088709,
                    "TP": 1409,
                    "n_pred": 2389,
                    "n_ref": 4711
                }
            },
            "prediction_file": "/home/rth/jdekok/my-scratch/nnunetv2/nnUNet/predictions_black_combos/653/008.nii.gz",
            "reference_file": "/home/rth/jdekok/my-scratch/nnunetv2/nnUNet/nnUNet_raw/Dataset520_NeckTumour/labelsTsreal/008.nii.gz"
        },
        {
            "metrics": {
                "1": {
                    "ASSD": 0.7703766274182006,
                    "Dice": 0.7241043402965689,
                    "FN": 3692,
                    "FP": 1406,
                    "HD95": 4.242640687119285,
                    "IoU": 0.5675262979300985,
                    "TN": 9082612,
                    "TP": 6690,
                    "n_pred": 8096,
                    "n_ref": 10382
                }
            },