{
    "foreground_mean": {
        "ASSD": 42.476872338880455,
        "Dice": 0.5176685740197435,
        "FN": 8358.0,
        "FP": 3285.9375,
        "HD95": 52.2215004812807,
        "IoU": 0.409946398035671,
        "TN": 9071616.4375,
        "TP": 11139.625,
        "n_pred": 14425.5625,
        "n_ref": 19497.625
    },
    "mean": {
        "1": {
            "ASSD": 42.476872338880455,
            "Dice": 0.5176685740197435,
            "FN": 8358.0,
            "FP": 3285.9375,
            "HD95": 52.2215004812807,
            "IoU": 0.409946398035671,
            "TN": 9071616.4375,
            "TP": 11139.625,
            "n_pred": 14425.5625,
            "n_ref": 19497.625
        }
    },
    "metric_per_case": [
        {
            "metrics": {
                "1": {
                    "ASSD": 0.14409200616805395,
                    "Dice": 0.8903455318027603,
                    "FN": 2213,
                    "FP": 1116,
                    "HD95": 1.0,
                    "IoU": 0.8023628591783425,
                    "TN": 9077556,
                    "TP": 13515,
                    "n_pred": 14631,
                    "n_ref": 15728
                }
            },
            "prediction_file": "/home/rth/jdekok/my-scratch/nnunetv2/nnUNet/predictions_black_combos/653_post/000.nii.gz",
            "reference_file": "/home/rth/jdekok/my-scratch/nnunetv2/nnUNet/nnUNet_raw/Dataset520_NeckTumour/labelsTsreal/000.nii.gz"
        },
        {
            "metrics": {
                "1": {
                    "ASSD": 3.138009645368967,
                    "Dice": 0.3513084386945016,
                    "FN": 10860,
                    "FP": 171,
                    "HD95": 11.74734012447073,
                    "IoU": 0.21308317877015265,
                    "TN": 9080382,
                    "TP": 2987,
                    "n_pred": 3158,
                    "n_ref": 13847
                }
            },
            "prediction_file": "/home/rth/jdekok/my-scratch/nnunetv2/nnUNet/predictions_black_combos/653_post/001.nii.gz",
            "reference_file": "/home/rth/jdekok/my-scratch/nnunetv2/nnUNet/nnUNet_raw/Dataset520_NeckTumour/labelsTsreal/001.nii.gz"
        },
        {
            "metrics": {
                "1": {
                    "ASSD": 13.062634377564745,
                    "Dice": 0.039714775701778136,
                    "FN": 21278,
                    "FP": 0,
                    "HD95": 28.653097563788805,
                    "IoU": 0.020259692421033246,
                    "TN": 9072682,
                    "TP": 440,
                    "n_pred": 440,
                    "n_ref": 21718
                }
            },
            "prediction_file": "/home/rth/jdekok/my-scratch/nnunetv2/nnUNet/predictions_black_combos/653_post/002.nii.gz",
            "reference_file": "/home/rth/jdekok/my-scratch/nnunetv2/nnUNet/nnUNet_raw/Dataset520_NeckTumour/labelsTsreal/002.nii.gz"
        },
        {
            "metrics": {
                "1": {
                    "ASSD": 1.193641825388982,
                    "Dice": 0.7328021248339973,
                    "FN": 5602,
                    "FP": 10494,
                    "HD95": 8.06225774829855,
                    "IoU": 0.5782854747432404,
                    "TN": 9056232,
                    "TP": 22072,
                    "n_pred": 32566,
                    "n_ref": 27674
                }
            },
            "prediction_file": "/home/rth/jdekok/my-scratch/nnunetv2/nnUNet/predictions_black_combos/653_post/003.nii.gz",
            "reference_file": "/home/rth/jdekok/my-scratch/nnunetv2/nnUNet/nnUNet_raw/Dataset520_NeckTumour/labelsTsreal/003.nii.gz"
        },
        {
            "metrics": {
                "1": {
                    "ASSD": 2.413776716092735,
                    "Dice": 0.5126129077549492,
                    "FN": 8444,
                    "FP": 12384,
                    "HD95": 11.180339887498949,
                    "IoU": 0.34463987917309086,
                    "TN": 9062619,
                    "TP": 10953,
                    "n_pred": 23337,
                    "n_ref": 19397
                }
            },
            "prediction_file": "/home/rth/jdekok/my-scratch/nnunetv2/nnUNet/predictions_black_combos/653_post/004.nii.gz",
            "reference_file": "/home/rth/jdekok/my-scratch/nnunetv2/nnUNet/nnUNet_raw/Dataset520_NeckTumour/labelsTsreal/004.nii.gz"
        },
        {
            "metrics": {
                "1": {
                    "ASSD": 0.24549332275886093,
                    "Dice": 0.8152113919858704,
                    "FN": 2693,
                    "FP": 4003,
                    "HD95": 1.4142135623730951,
                    "IoU": 0.6880648467343706,
                    "TN": 9072934,
                    "TP": 14770,
                    "n_pred": 18773,
                    "n_ref": 17463
                }
            },
            "prediction_file": "/home/rth/jdekok/my-scratch/nnunetv2/nnUNet/predictions_black_combos/653_post/005.nii.gz",
            "reference_file": "/home/rth/jdekok/my-scratch/nnunetv2/nnUNet/nnUNet_raw/Dataset520_NeckTumour/labelsTsreal/005.nii.gz"
        },
        {
            "metrics": {
                "1": {
                    "ASSD": 0.7458812486391597,
                    "Dice": 0.7197276128512891,
                    "FN": 37238,
                    "FP": 5237,
                    "HD95": 4.0,
                    "IoU": 0.5621675668989403,
                    "TN": 8997388,
                    "TP": 54537,
                    "n_pred": 59774,
                    "n_ref": 91775
                }
            },
            "prediction_file": "/home/rth/jdekok/my-scratch/nnunetv2/nnUNet/predictions_black_combos/653_post/006.nii.gz",
            "reference_file": "/home/rth/jdekok/my-scratch/nnunetv2/nnUNet/nnUNet_raw/Dataset520_NeckTumour/labelsTsreal/006.nii.gz"
        },
        {
            "metrics": {
                "1": {
                    "ASSD": 147.19306148058,
                    "Dice": 0.0,
                    "FN": 3340,
                    "FP": 111,
                    "HD95": 174.0316062299677,
                    "IoU": 0.0,
                    "TN": 9090949,
                    "TP": 0,
                    "n_pred": 111,
                    "n_ref": 3340
                }
            },
            "prediction_file": "/home/rth/jdekok/my-scratch/nnunetv2/nnUNet/predictions_black_combos/653_post/007.nii.gz",
            "reference_file": "/home/rth/jdekok/my-scratch/nnunetv2/nnUNet/nnUNet_raw/Dataset520_NeckTumour/labelsTsreal/007.nii.gz"
        },
        {
            "metrics": {
                "1": {
                    "ASSD": 3.13586313938709,
                    "Dice": 0.44490053678560154,
                    "FN": 3302,
                    "FP": 214,
                    "HD95": 20.42057785666214,
                    "IoU": 0.28609137055837564,
                    "TN": 9089475,
                    "TP": 1409,
                    "n_pred": 1623,
                    "n_ref": 4711
                }
            },
            "prediction_file": "/home/rth/jdekok/my-scratch/nnunetv2/nnUNet/predictions_black_combos/653_post/008.nii.gz",
            "reference_file": "/home/rth/jdekok/my-scratch/nnunetv2/nnUNet/nnUNet_raw/Dataset520_NeckTumour/labelsTsreal/008.nii.gz"
        },
        {
            "metrics": {
                "1": {
                    "ASSD": 0.7703766274182006,
                    "Dice": 0.7241043402965689,
                    "FN": 3692,
                    "FP": 1406,
                    "HD95": 4.242640687119285,
                    "IoU": 0.5675262979300985,
                    "TN": 9082612,
                    "TP": 6690,
                    "n_pred": 8096,
                    "n_ref": 10382
                }
            },