{
    "foreground_mean": {
        "ASSD": 22.851197503047015,
        "Dice": 0.5415091923706759,
        "FN": 6218.5,
        "FP": 32338.8125,
        "HD95": 53.45279884738444,
        "IoU": 0.4109503829443841,
        "TN": 9042563.5625,
        "TP": 13279.125,
        "n_pred": 45617.9375,
        "n_ref": 19497.625
    },
    "mean": {
        "1": {
            "ASSD": 22.851197503047015,
            "Dice": 0.5415091923706759,
            "FN": 6218.5,
            "FP": 32338.8125,
            "HD95": 53.45279884738444,
            "IoU": 0.4109503829443841,
            "TN": 9042563.5625,
            "TP": 13279.125,
            "n_pred": 45617.9375,
            "n_ref": 19497.625
        }
    },
    "metric_per_case": [
        {
            "metrics": {
                "1": {
                    "ASSD": 129.50071381135712,
                    "Dice": 0.1406131669646123,
                    "FN": 2081,
                    "FP": 164732,
                    "HD95": 211.91743675309024,
                    "IoU": 0.07562340684916324,
                    "TN": 8913940,
                    "TP": 13647,
                    "n_pred": 178379,
                    "n_ref": 15728
                }
            },
            "prediction_file": "/home/rth/jdekok/my-scratch/nnunetv2/nnUNet/predictions_black_combos/654/000.nii.gz",
            "reference_file": "/home/rth/jdekok/my-scratch/nnunetv2/nnUNet/nnUNet_raw/Dataset520_NeckTumour/labelsTsreal/000.nii.gz"
        },
        {
            "metrics": {
                "1": {
                    "ASSD": 1.720241277832452,
                    "Dice": 0.6289399582160051,
                    "FN": 6923,
                    "FP": 1247,
                    "HD95": 10.0,
                    "IoU": 0.4587253213197297,
                    "TN": 9079306,
                    "TP": 6924,
                    "n_pred": 8171,
                    "n_ref": 13847
                }
            },
            "prediction_file": "/home/rth/jdekok/my-scratch/nnunetv2/nnUNet/predictions_black_combos/654/001.nii.gz",
            "reference_file": "/home/rth/jdekok/my-scratch/nnunetv2/nnUNet/nnUNet_raw/Dataset520_NeckTumour/labelsTsreal/001.nii.gz"
        },
        {
            "metrics": {
                "1": {
                    "ASSD": 0.25859861172817317,
                    "Dice": 0.8187829544472297,
                    "FN": 2773,
                    "FP": 5613,
                    "HD95": 1.7320508075688772,
                    "IoU": 0.6931689290549193,
                    "TN": 9067069,
                    "TP": 18945,
                    "n_pred": 24558,
                    "n_ref": 21718
                }
            },
            "prediction_file": "/home/rth/jdekok/my-scratch/nnunetv2/nnUNet/predictions_black_combos/654/002.nii.gz",
            "reference_file": "/home/rth/jdekok/my-scratch/nnunetv2/nnUNet/nnUNet_raw/Dataset520_NeckTumour/labelsTsreal/002.nii.gz"
        },
        {
            "metrics": {
                "1": {
                    "ASSD": 0.7027876041461782,
                    "Dice": 0.7009235784136183,
                    "FN": 12192,
                    "FP": 1020,
                    "HD95": 3.4641016151377544,
                    "IoU": 0.539555307729839,
                    "TN": 9065706,
                    "TP": 15482,
                    "n_pred": 16502,
                    "n_ref": 27674
                }
            },
            "prediction_file": "/home/rth/jdekok/my-scratch/nnunetv2/nnUNet/predictions_black_combos/654/003.nii.gz",
            "reference_file": "/home/rth/jdekok/my-scratch/nnunetv2/nnUNet/nnUNet_raw/Dataset520_NeckTumour/labelsTsreal/003.nii.gz"
        },
        {
            "metrics": {
                "1": {
                    "ASSD": 0.4732807757274753,
                    "Dice": 0.7222270514603616,
                    "FN": 2780,
                    "FP": 10002,
                    "HD95": 2.0,
                    "IoU": 0.5652233069152012,
                    "TN": 9065001,
                    "TP": 16617,
                    "n_pred": 26619,
                    "n_ref": 19397
                }
            },
            "prediction_file": "/home/rth/jdekok/my-scratch/nnunetv2/nnUNet/predictions_black_combos/654/004.nii.gz",
            "reference_file": "/home/rth/jdekok/my-scratch/nnunetv2/nnUNet/nnUNet_raw/Dataset520_NeckTumour/labelsTsreal/004.nii.gz"
        },
        {
            "metrics": {
                "1": {
                    "ASSD": 0.24554174030659504,
                    "Dice": 0.8151888953279797,
                    "FN": 2693,
                    "FP": 4004,
                    "HD95": 1.4142135623730951,
                    "IoU": 0.6880327945218242,
                    "TN": 9072933,
                    "TP": 14770,
                    "n_pred": 18774,
                    "n_ref": 17463
                }
            },
            "prediction_file": "/home/rth/jdekok/my-scratch/nnunetv2/nnUNet/predictions_black_combos/654/005.nii.gz",
            "reference_file": "/home/rth/jdekok/my-scratch/nnunetv2/nnUNet/nnUNet_raw/Dataset520_NeckTumour/labelsTsreal/005.nii.gz"
        },
        {
            "metrics": {
                "1": {
                    "ASSD": 58.704467074896115,
                    "Dice": 0.43662251943741803,
                    "FN": 21522,
                    "FP": 159774,
                    "HD95": 171.54008277950666,
                    "IoU": 0.2792815713837066,
                    "TN": 8842851,
                    "TP": 70253,
                    "n_pred": 230027,
                    "n_ref": 91775
                }
            },
            "prediction_file": "/home/rth/jdekok/my-scratch/nnunetv2/nnUNet/predictions_black_combos/654/006.nii.gz",
            "reference_file": "/home/rth/jdekok/my-scratch/nnunetv2/nnUNet/nnUNet_raw/Dataset520_NeckTumour/labelsTsreal/006.nii.gz"
        },
        {
            "metrics": {
                "1": {
                    "ASSD": 3.027299848026426,
                    "Dice": 0.5011783189316575,
                    "FN": 2064,
                    "FP": 476,
                    "HD95": 13.152946437965905,
                    "IoU": 0.33438155136268344,
                    "TN": 9090584,
                    "TP": 1276,
                    "n_pred": 1752,
                    "n_ref": 3340
                }
            },
            "prediction_file": "/home/rth/jdekok/my-scratch/nnunetv2/nnUNet/predictions_black_combos/654/007.nii.gz",
            "reference_file": "/home/rth/jdekok/my-scratch/nnunetv2/nnUNet/nnUNet_raw/Dataset520_NeckTumour/labelsTsreal/007.nii.gz"
        },
        {
            "metrics": {
                "1": {
                    "ASSD": 5.930465104341595,
                    "Dice": 0.25244149622259077,
                    "FN": 4026,
                    "FP": 31,
                    "HD95": 25.099800796022265,
                    "IoU": 0.14445381695487136,
                    "TN": 9089658,
                    "TP": 685,
                    "n_pred": 716,
                    "n_ref": 4711
                }
            },
            "prediction_file": "/home/rth/jdekok/my-scratch/nnunetv2/nnUNet/predictions_black_combos/654/008.nii.gz",
            "reference_file": "/home/rth/jdekok/my-scratch/nnunetv2/nnUNet/nnUNet_raw/Dataset520_NeckTumour/labelsTsreal/008.nii.gz"
        },
        {
            "metrics": {
                "1": {
                    "ASSD": 120.71986079510752,
                    "Dice": 0.08299766244819204,
                    "FN": 3263,
                    "FP": 154046,
                    "HD95": 192.29404566964627,
                    "IoU": 0.043295545770793295,
                    "TN": 8929972,
                    "TP": 7119,
                    "n_pred": 161165,
                    "n_ref": 10382
                }
            },